{
"type": "FeatureCollection",
"name": "SelectedCPs",
"crs": { "type": "name", "properties": { "name": "urn:ogc:def:crs:OGC:1.3:CRS84" } },
"features": [
{ "type": "Feature", "properties": { "id": 15 }, "geometry": { "type": "MultiPolygon", "coordinates": [ [ [ [ 43.989922356102674, 36.311394392655998 ], [ 43.989972236509608, 36.311394041886906 ], [ 43.990022101722495, 36.311392989686446 ], [ 43.990071936551885, 36.31139123637513 ], [ 43.990121725817623, 36.311388782486951 ], [ 43.990171454353415, 36.31138562876933 ], [ 43.990221107011472, 36.311381776182863 ], [ 43.990270668667108, 36.311377225900955 ], [ 43.990320124223352, 36.311371979309541 ], [ 43.990369458615582, 36.311366038006668 ], [ 43.990418656816061, 36.311359403801937 ], [ 43.990467703838519, 36.311352078716013 ], [ 43.990516584742785, 36.311344064979984 ], [ 43.990565284639253, 36.311335365034743 ], [ 43.990613788693452, 36.311325981530103 ], [ 43.990662082130591, 36.311315917324144 ], [ 43.990710150240012, 36.311305175482246 ], [ 43.990757978379712, 36.311293759276225 ], [ 43.99080555198077, 36.311281672183249 ], [ 43.990852856551804, 36.311268917884867 ], [ 43.990899877683397, 36.311255500265801 ], [ 43.990946601052435, 36.311241423412881 ], [ 43.99099301242655, 36.31122669161369 ], [ 43.99103909766837, 36.311211309355315 ], [ 43.991084842739895, 36.311195281322924 ], [ 43.99113023370672, 36.311178612398457 ], [ 43.991175256742338, 36.311161307659006 ], [ 43.991219898132279, 36.311143372375305 ], [ 43.991264144278347, 36.311124812010242 ], [ 43.991307981702739, 36.311105632216993 ], [ 43.991351397052156, 36.311085838837485 ], [ 43.991394377101848, 36.311065437900481 ], [ 43.991436908759688, 36.311044435619863 ], [ 43.991478979070116, 36.311022838392603 ], [ 43.991520575218111, 36.31100065279697 ], [ 43.991561684533075, 36.310977885590383 ], [ 43.991602294492722, 36.310954543707474 ], [ 43.991642392726867, 36.310930634257879 ], [ 43.991681967021186, 36.310906164524134 ], [ 43.991721005320983, 36.310881141959442 ], [ 43.99175949573479, 36.310855574185368 ], [ 43.991797426538078, 36.310829468989596 ], [ 43.991834786176746, 36.310802834323461 ], [ 43.991871563270692, 36.310775678299606 ], [ 43.991907746617244, 36.310748009189496 ], [ 43.991943325194612, 36.310719835420862 ], [ 43.991978288165221, 36.310691165575157 ], [ 43.99201262487901, 36.310662008384938 ], [ 43.992046324876675, 36.310632372731256 ], [ 43.992079377892878, 36.310602267640881 ], [ 43.992111773859349, 36.310571702283546 ], [ 43.992143502907965, 36.310540685969251 ], [ 43.992174555373737, 36.310509228145293 ], [ 43.9922049217978, 36.310477338393532 ], [ 43.992234592930245, 36.310445026427374 ], [ 43.992263559732947, 36.310412302088814 ], [ 43.992291813382352, 36.310379175345517 ], [ 43.992319345272108, 36.310345656287687 ], [ 43.992346147015738, 36.310311755125049 ], [ 43.992372210449183, 36.310277482183743 ], [ 43.992397527633273, 36.310242847903176 ], [ 43.992422090856117, 36.310207862832776 ], [ 43.992445892635551, 36.31017253762888 ], [ 43.992468925721305, 36.310136883051442 ], [ 43.992491183097286, 36.310100909960731 ], [ 43.992512657983681, 36.310064629314098 ], [ 43.992533343839028, 36.310028052162515 ], [ 43.992553234362227, 36.309991189647363 ], [ 43.992572323494414, 36.309954052996908 ], [ 43.992590605420865, 36.309916653522947 ], [ 43.992608074572722, 36.30987900261735 ], [ 43.992624725628723, 36.309841111748611 ], [ 43.992640553516786, 36.309802992458287 ], [ 43.992655553415574, 36.309764656357608 ], [ 43.992669720755991, 36.30972611512373 ], [ 43.992683051222521, 36.309687380496456 ], [ 43.992695540754575, 36.309648464274417 ], [ 43.992707185547715, 36.309609378311634 ], [ 43.992717982054835, 36.309570134513805 ], [ 43.992727926987207, 36.309530744834746 ], [ 43.992737017315505, 36.309491221272722 ], [ 43.992745250270737, 36.309451575866795 ], [ 43.992752623345055, 36.309411820693171 ], [ 43.992759134292562, 36.309371967861495 ], [ 43.992764781129935, 36.309332029511197 ], [ 43.99276956213712, 36.309292017807756 ], [ 43.992773475857767, 36.309251944939021 ], [ 43.992776521099721, 36.309211823111482 ], [ 43.992778696935353, 36.309171664546597 ], [ 43.992780002701906, 36.309131481476975 ], [ 43.992780438001624, 36.309091286142731 ], [ 43.992780002701906, 36.309051090787804 ], [ 43.992778696935353, 36.309010907656024 ], [ 43.992776521099721, 36.30897074898764 ], [ 43.992773475857767, 36.308930627015435 ], [ 43.99276956213712, 36.308890553960971 ], [ 43.992764781129935, 36.308850542030982 ], [ 43.992759134292562, 36.30881060341359 ], [ 43.992752623345055, 36.308770750274626 ], [ 43.992745250270737, 36.308730994753873 ], [ 43.992737017315505, 36.308691348961425 ], [ 43.992727926987207, 36.308651824973907 ], [ 43.992717982054835, 36.308612434830941 ], [ 43.992707185547715, 36.308573190531341 ], [ 43.992695540754575, 36.30853410402954 ], [ 43.992683051222521, 36.308495187231912 ], [ 43.992669720755991, 36.308456451993138 ], [ 43.992655553415574, 36.308417910112631 ], [ 43.992640553516786, 36.308379573330946 ], [ 43.992624725628723, 36.308341453326108 ], [ 43.992608074572722, 36.308303561710183 ], [ 43.992590605420865, 36.308265910025668 ], [ 43.992572323494414, 36.30822850974198 ], [ 43.992553234362227, 36.30819137225199 ], [ 43.992533343839028, 36.308154508868505 ], [ 43.992512657983681, 36.308117930820885 ], [ 43.992491183097286, 36.308081649251548 ], [ 43.992468925721305, 36.308045675212639 ], [ 43.992445892635551, 36.308010019662646 ], [ 43.992422090856117, 36.307974693463009 ], [ 43.992397527633273, 36.307939707374921 ], [ 43.992372210449183, 36.307905072055924 ], [ 43.992346147015738, 36.307870798056754 ], [ 43.992319345272108, 36.307836895818077 ], [ 43.992291813382352, 36.307803375667334 ], [ 43.992263559732947, 36.307770247815611 ], [ 43.992234592930245, 36.307737522354465 ], [ 43.9922049217978, 36.307705209252894 ], [ 43.992174555373737, 36.307673318354325 ], [ 43.992143502907965, 36.307641859373511 ], [ 43.992111773859349, 36.307610841893755 ], [ 43.992079377892878, 36.307580275363762 ], [ 43.992046324876675, 36.307550169094945 ], [ 43.99201262487901, 36.307520532258501 ], [ 43.991978288165221, 36.307491373882662 ], [ 43.991943325194612, 36.307462702849854 ], [ 43.991907746617244, 36.30743452789411 ], [ 43.991871563270692, 36.307406857598345 ], [ 43.991834786176746, 36.307379700391742 ], [ 43.991797426538078, 36.307353064547172 ], [ 43.99175949573479, 36.307326958178727 ], [ 43.991721005320983, 36.307301389239193 ], [ 43.991681967021186, 36.307276365517623 ], [ 43.991642392726867, 36.307251894637076 ], [ 43.991602294492722, 36.307227984052076 ], [ 43.991561684533075, 36.307204641046582 ], [ 43.991520575218111, 36.307181872731583 ], [ 43.991478979070116, 36.307159686043043 ], [ 43.991436908759688, 36.307138087739744 ], [ 43.991394377101848, 36.307117084401241 ], [ 43.991351397052156, 36.307096682425829 ], [ 43.991307981702739, 36.307076888028625 ], [ 43.991264144278347, 36.307057707239636 ], [ 43.991219898132279, 36.307039145902003 ], [ 43.991175256742338, 36.307021209670111 ], [ 43.99113023370672, 36.307003904007964 ], [ 43.991084842739895, 36.306987234187432 ], [ 43.99103909766837, 36.306971205286743 ], [ 43.99099301242655, 36.306955822188812 ], [ 43.990946601052435, 36.306941089579908 ], [ 43.990899877683397, 36.306927011948069 ], [ 43.990852856551804, 36.306913593581832 ], [ 43.99080555198077, 36.306900838568914 ], [ 43.990757978379712, 36.306888750794947 ], [ 43.990710150240012, 36.306877333942268 ], [ 43.990662082130591, 36.306866591488891 ], [ 43.990613788693452, 36.306856526707328 ], [ 43.990565284639253, 36.306847142663678 ], [ 43.990516584742785, 36.306838442216652 ], [ 43.990467703838519, 36.306830428016738 ], [ 43.990418656816061, 36.306823102505327 ], [ 43.990369458615582, 36.306816467914047 ], [ 43.990320124223352, 36.306810526264044 ], [ 43.990270668667108, 36.306805279365342 ], [ 43.990221107011472, 36.306800728816363 ], [ 43.990171454353415, 36.306796876003339 ], [ 43.990121725817623, 36.306793722100004 ], [ 43.990071936551885, 36.306791268067137 ], [ 43.990022101722495, 36.30678951465233 ], [ 43.989972236509608, 36.306788462389733 ], [ 43.989922356102674, 36.306788111599914 ], [ 43.989872475695748, 36.306788462389726 ], [ 43.989822610482868, 36.306789514652337 ], [ 43.989772775653478, 36.306791268067137 ], [ 43.98972298638774, 36.306793722099997 ], [ 43.989673257851948, 36.306796876003325 ], [ 43.989623605193891, 36.306800728816377 ], [ 43.989574043538255, 36.306805279365342 ], [ 43.989524587982004, 36.306810526264051 ], [ 43.989475253589781, 36.306816467914054 ], [ 43.989426055389302, 36.306823102505327 ], [ 43.989377008366844, 36.306830428016745 ], [ 43.989328127462571, 36.306838442216652 ], [ 43.989279427566103, 36.306847142663685 ], [ 43.989230923511911, 36.306856526707321 ], [ 43.989182630074765, 36.306866591488884 ], [ 43.989134561965344, 36.306877333942282 ], [ 43.989086733825644, 36.306888750794947 ], [ 43.989039160224586, 36.3069008385689 ], [ 43.988991855653552, 36.306913593581832 ], [ 43.988944834521959, 36.306927011948055 ], [ 43.98889811115292, 36.306941089579915 ], [ 43.988851699778813, 36.306955822188819 ], [ 43.988805614536993, 36.306971205286743 ], [ 43.988759869465468, 36.306987234187432 ], [ 43.988714478498636, 36.307003904007956 ], [ 43.988669455463025, 36.307021209670111 ], [ 43.988624814073084, 36.307039145901989 ], [ 43.988580567927016, 36.307057707239622 ], [ 43.988536730502624, 36.307076888028618 ], [ 43.988493315153207, 36.307096682425815 ], [ 43.988450335103508, 36.307117084401241 ], [ 43.988407803445675, 36.307138087739744 ], [ 43.988365733135247, 36.307159686043043 ], [ 43.988324136987245, 36.307181872731576 ], [ 43.988283027672281, 36.307204641046575 ], [ 43.988242417712634, 36.307227984052076 ], [ 43.988202319478496, 36.307251894637083 ], [ 43.988162745184169, 36.30727636551763 ], [ 43.98812370688438, 36.307301389239171 ], [ 43.988085216470573, 36.307326958178727 ], [ 43.988047285667278, 36.307353064547172 ], [ 43.988009926028617, 36.307379700391742 ], [ 43.987973148934671, 36.307406857598338 ], [ 43.987936965588119, 36.30743452789411 ], [ 43.987901387010751, 36.307462702849854 ], [ 43.987866424040142, 36.307491373882655 ], [ 43.987832087326353, 36.307520532258515 ], [ 43.987798387328688, 36.307550169094938 ], [ 43.987765334312485, 36.307580275363762 ], [ 43.987732938346007, 36.307610841893755 ], [ 43.987701209297398, 36.307641859373533 ], [ 43.987670156831612, 36.307673318354325 ], [ 43.987639790407556, 36.307705209252902 ], [ 43.987610119275118, 36.307737522354472 ], [ 43.987581152472416, 36.307770247815625 ], [ 43.987552898823012, 36.307803375667341 ], [ 43.987525366933255, 36.307836895818077 ], [ 43.987498565189618, 36.307870798056747 ], [ 43.987472501756173, 36.307905072055917 ], [ 43.98744718457209, 36.307939707374913 ], [ 43.987422621349246, 36.307974693463017 ], [ 43.987398819569805, 36.308010019662646 ], [ 43.987375786484051, 36.308045675212647 ], [ 43.987353529108063, 36.308081649251548 ], [ 43.987332054221682, 36.308117930820885 ], [ 43.987311368366328, 36.308154508868505 ], [ 43.987291477843129, 36.308191372251997 ], [ 43.987272388710942, 36.308228509741973 ], [ 43.987254106784498, 36.308265910025661 ], [ 43.987236637632641, 36.308303561710183 ], [ 43.98721998657664, 36.308341453326101 ], [ 43.987204158688577, 36.308379573330946 ], [ 43.987189158789789, 36.308417910112638 ], [ 43.987174991449365, 36.308456451993145 ], [ 43.987161660982835, 36.308495187231905 ], [ 43.987149171450788, 36.30853410402954 ], [ 43.987137526657648, 36.308573190531341 ], [ 43.987126730150528, 36.308612434830941 ], [ 43.987116785218156, 36.308651824973914 ], [ 43.987107694889858, 36.308691348961425 ], [ 43.987099461934626, 36.308730994753873 ], [ 43.987092088860301, 36.308770750274618 ], [ 43.987085577912801, 36.30881060341359 ], [ 43.987079931075428, 36.308850542030967 ], [ 43.987075150068236, 36.308890553960971 ], [ 43.987071236347589, 36.308930627015428 ], [ 43.987068191105642, 36.308970748987647 ], [ 43.98706601527001, 36.309010907656024 ], [ 43.98706470950345, 36.309051090787797 ], [ 43.987064274203732, 36.309091286142738 ], [ 43.98706470950345, 36.309131481476975 ], [ 43.98706601527001, 36.309171664546589 ], [ 43.987068191105642, 36.30921182311149 ], [ 43.987071236347589, 36.309251944939007 ], [ 43.987075150068236, 36.309292017807756 ], [ 43.987079931075428, 36.309332029511211 ], [ 43.987085577912801, 36.309371967861495 ], [ 43.987092088860301, 36.309411820693171 ], [ 43.987099461934626, 36.309451575866802 ], [ 43.987107694889858, 36.309491221272729 ], [ 43.987116785218156, 36.309530744834753 ], [ 43.987126730150528, 36.309570134513812 ], [ 43.987137526657648, 36.309609378311627 ], [ 43.987149171450788, 36.309648464274424 ], [ 43.987161660982835, 36.309687380496463 ], [ 43.987174991449365, 36.309726115123723 ], [ 43.987189158789789, 36.309764656357601 ], [ 43.987204158688577, 36.309802992458287 ], [ 43.98721998657664, 36.309841111748597 ], [ 43.987236637632641, 36.309879002617343 ], [ 43.987254106784498, 36.309916653522947 ], [ 43.987272388710942, 36.309954052996908 ], [ 43.987291477843129, 36.30999118964737 ], [ 43.987311368366328, 36.310028052162529 ], [ 43.987332054221682, 36.310064629314098 ], [ 43.987353529108063, 36.310100909960731 ], [ 43.987375786484051, 36.310136883051449 ], [ 43.987398819569805, 36.310172537628873 ], [ 43.987422621349246, 36.310207862832769 ], [ 43.98744718457209, 36.310242847903176 ], [ 43.987472501756173, 36.310277482183757 ], [ 43.987498565189618, 36.310311755125042 ], [ 43.987525366933255, 36.31034565628768 ], [ 43.987552898823012, 36.310379175345517 ], [ 43.987581152472416, 36.310412302088814 ], [ 43.987610119275118, 36.310445026427374 ], [ 43.987639790407556, 36.310477338393547 ], [ 43.987670156831612, 36.3105092281453 ], [ 43.987701209297398, 36.310540685969251 ], [ 43.987732938346007, 36.310571702283546 ], [ 43.987765334312485, 36.310602267640881 ], [ 43.987798387328688, 36.31063237273127 ], [ 43.987832087326353, 36.310662008384945 ], [ 43.987866424040142, 36.31069116557515 ], [ 43.987901387010751, 36.310719835420855 ], [ 43.987936965588119, 36.310748009189503 ], [ 43.987973148934671, 36.310775678299599 ], [ 43.988009926028617, 36.310802834323454 ], [ 43.988047285667278, 36.310829468989589 ], [ 43.988085216470573, 36.310855574185361 ], [ 43.98812370688438, 36.310881141959442 ], [ 43.988162745184169, 36.310906164524134 ], [ 43.988202319478496, 36.310930634257872 ], [ 43.988242417712634, 36.310954543707467 ], [ 43.988283027672281, 36.310977885590383 ], [ 43.988324136987245, 36.311000652796963 ], [ 43.988365733135247, 36.311022838392617 ], [ 43.988407803445675, 36.311044435619841 ], [ 43.988450335103508, 36.311065437900488 ], [ 43.988493315153207, 36.311085838837485 ], [ 43.988536730502624, 36.311105632216986 ], [ 43.988580567927016, 36.311124812010249 ], [ 43.988624814073084, 36.311143372375327 ], [ 43.988669455463025, 36.311161307658999 ], [ 43.988714478498636, 36.311178612398457 ], [ 43.988759869465468, 36.311195281322924 ], [ 43.988805614536993, 36.311211309355315 ], [ 43.988851699778813, 36.311226691613683 ], [ 43.98889811115292, 36.311241423412881 ], [ 43.988944834521959, 36.311255500265794 ], [ 43.988991855653552, 36.311268917884867 ], [ 43.989039160224586, 36.311281672183242 ], [ 43.989086733825644, 36.311293759276232 ], [ 43.989134561965344, 36.311305175482261 ], [ 43.989182630074765, 36.311315917324137 ], [ 43.989230923511911, 36.311325981530103 ], [ 43.989279427566103, 36.311335365034736 ], [ 43.989328127462571, 36.311344064979984 ], [ 43.989377008366844, 36.311352078716013 ], [ 43.989426055389302, 36.311359403801916 ], [ 43.989475253589781, 36.311366038006668 ], [ 43.989524587982004, 36.311371979309548 ], [ 43.989574043538255, 36.311377225900962 ], [ 43.989623605193891, 36.311381776182863 ], [ 43.989673257851948, 36.31138562876933 ], [ 43.98972298638774, 36.311388782486951 ], [ 43.989772775653478, 36.311391236375137 ], [ 43.989822610482868, 36.311392989686446 ], [ 43.989872475695748, 36.311394041886899 ], [ 43.989922356102674, 36.311394392655998 ] ] ] ] } },
{ "type": "Feature", "properties": { "id": 22 }, "geometry": { "type": "MultiPolygon", "coordinates": [ [ [ [ 43.967742780795291, 36.33376281357328 ], [ 43.967789309999382, 36.333762486464408 ], [ 43.967835825030228, 36.333761505237462 ], [ 43.967882311718888, 36.333759870191265 ], [ 43.967928755905092, 36.333757581823868 ], [ 43.967975143441464, 36.333754640832261 ], [ 43.968021460197932, 36.333751048112198 ], [ 43.968067692065951, 36.333746804757993 ], [ 43.968113824962849, 36.333741912062102 ], [ 43.968159844836087, 36.333736371514782 ], [ 43.968205737667596, 36.333730184803564 ], [ 43.96825148947795, 36.333723353812836 ], [ 43.968297086330708, 36.333715880623231 ], [ 43.968342514336634, 36.333707767510958 ], [ 43.968387759657915, 36.333699016947151 ], [ 43.968432808512375, 36.333689631597125 ], [ 43.968477647177721, 36.333679614319493 ], [ 43.968522261995652, 36.33366896816537 ], [ 43.968566639376043, 36.333657696377429 ], [ 43.968610765801145, 36.333645802388894 ], [ 43.968654627829586, 36.333633289822508 ], [ 43.968698212100598, 36.333620162489431 ], [ 43.968741505337981, 36.333606424388037 ], [ 43.968784494354203, 36.333592079702797 ], [ 43.968827166054361, 36.333577132802873 ], [ 43.968869507440282, 36.333561588240926 ], [ 43.968911505614351, 36.3335454507516 ], [ 43.968953147783516, 36.333528725250183 ], [ 43.968994421263162, 36.33351141683103 ], [ 43.969035313481008, 36.33349353076607 ], [ 43.969075811980872, 36.333475072503155 ], [ 43.969115904426523, 36.333456047664491 ], [ 43.96915557860541, 36.333436462044794 ], [ 43.969194822432407, 36.333416321609612 ], [ 43.96923362395345, 36.333395632493485 ], [ 43.969271971349229, 36.333374400998082 ], [ 43.969309852938757, 36.333352633590295 ], [ 43.969347257182918, 36.333330336900211 ], [ 43.969384172688024, 36.333307517719206 ], [ 43.969420588209275, 36.33328418299773 ], [ 43.969456492654132, 36.333260339843349 ], [ 43.969491875085744, 36.333235995518429 ], [ 43.969526724726293, 36.333211157438029 ], [ 43.969561030960243, 36.333185833167555 ], [ 43.969594783337584, 36.333160030420622 ], [ 43.969627971576998, 36.333133757056494 ], [ 43.969660585569052, 36.333107021077822 ], [ 43.969692615379181, 36.333079830628193 ], [ 43.969724051250815, 36.333052193989566 ], [ 43.969754883608275, 36.333024119579889 ], [ 43.969785103059721, 36.332995615950402 ], [ 43.969814700400022, 36.332966691783177 ], [ 43.969843666613549, 36.332937355888276 ], [ 43.969871992876897, 36.332907617201258 ], [ 43.969899670561617, 36.332877484780369 ], [ 43.969926691236829, 36.332846967803768 ], [ 43.969953046671748, 36.332816075566789 ], [ 43.969978728838285, 36.332784817479059 ], [ 43.970003729913387, 36.332753203061657 ], [ 43.970028042281477, 36.332721241944213 ], [ 43.970051658536782, 36.332688943861989 ], [ 43.970074571485569, 36.332656318652852 ], [ 43.97009677414831, 36.332623376254368 ], [ 43.970118259761882, 36.332590126700723 ], [ 43.970139021781549, 36.33255658011965 ], [ 43.970159053882995, 36.332522746729403 ], [ 43.97017834996425, 36.332488636835564 ], [ 43.970196904147549, 36.332454260828023 ], [ 43.970214710781093, 36.332419629177657 ], [ 43.970231764440825, 36.332384752433299 ], [ 43.970248059932018, 36.332349641218407 ], [ 43.970263592290927, 36.3323143062279 ], [ 43.970278356786224, 36.332278758224845 ], [ 43.970292348920516, 36.332243008037231 ], [ 43.970305564431662, 36.332207066554638 ], [ 43.970317999294089, 36.332170944724943 ], [ 43.970329649720007, 36.332134653550952 ], [ 43.97034051216059, 36.332098204087075 ], [ 43.970350583307038, 36.332061607435968 ], [ 43.970359860091584, 36.332024874745144 ], [ 43.970368339688413, 36.331988017203493 ], [ 43.970376019514575, 36.331951046038064 ], [ 43.970382897230714, 36.331913972510463 ], [ 43.970388970741816, 36.33187680791351 ], [ 43.970394238197819, 36.331839563567769 ], [ 43.970398697994213, 36.331802250818122 ], [ 43.970402348772502, 36.331764881030331 ], [ 43.970405189420624, 36.331727465587477 ], [ 43.97040721907328, 36.33169001588665 ], [ 43.970408437112226, 36.331652543335338 ], [ 43.970408843166446, 36.331615059348003 ], [ 43.970408437112226, 36.331577575342642 ], [ 43.97040721907328, 36.331540102737229 ], [ 43.970405189420624, 36.331502652946348 ], [ 43.970402348772502, 36.331465237377543 ], [ 43.970398697994213, 36.33142786742809 ], [ 43.970394238197819, 36.331390554481295 ], [ 43.970388970741816, 36.331353309903101 ], [ 43.970382897230714, 36.331316145038699 ], [ 43.970376019514575, 36.331279071208954 ], [ 43.970368339688413, 36.331242099707104 ], [ 43.970359860091584, 36.331205241795139 ], [ 43.970350583307038, 36.331168508700543 ], [ 43.97034051216059, 36.331131911612708 ], [ 43.970329649720007, 36.331095461679702 ], [ 43.970317999294089, 36.331059170004728 ], [ 43.970305564431662, 36.331023047642816 ], [ 43.970292348920516, 36.330987105597416 ], [ 43.970278356786224, 36.330951354817095 ], [ 43.970263592290927, 36.330915806192138 ], [ 43.970248059932018, 36.330880470551314 ], [ 43.970231764440825, 36.330845358658479 ], [ 43.970214710781093, 36.330810481209376 ], [ 43.970196904147549, 36.330775848828317 ], [ 43.97017834996425, 36.330741472065021 ], [ 43.970159053882995, 36.330707361391312 ], [ 43.970139021781549, 36.330673527197966 ], [ 43.970118259761882, 36.330639979791634 ], [ 43.97009677414831, 36.330606729391512 ], [ 43.970074571485569, 36.330573786126386 ], [ 43.970051658536782, 36.330541160031501 ], [ 43.970028042281477, 36.330508861045452 ], [ 43.970003729913387, 36.330476899007294 ], [ 43.969978728838285, 36.330445283653361 ], [ 43.969953046671748, 36.330414024614406 ], [ 43.969926691236829, 36.330383131412702 ], [ 43.969899670561617, 36.330352613459034 ], [ 43.969871992876897, 36.330322480049951 ], [ 43.969843666613549, 36.33029274036479 ], [ 43.969814700400022, 36.330263403463015 ], [ 43.969785103059721, 36.330234478281405 ], [ 43.969754883608275, 36.330205973631301 ], [ 43.969724051250815, 36.33017789819597 ], [ 43.969692615379181, 36.330150260527915 ], [ 43.969660585569052, 36.330123069046316 ], [ 43.969627971576998, 36.330096332034465 ], [ 43.969594783337584, 36.330070057637123 ], [ 43.969561030960243, 36.330044253858247 ], [ 43.969526724726293, 36.330018928558381 ], [ 43.969491875085744, 36.329994089452299 ], [ 43.969456492654132, 36.329969744106741 ], [ 43.969420588209275, 36.329945899937975 ], [ 43.969384172688024, 36.329922564209639 ], [ 43.969347257182918, 36.329899744030492 ], [ 43.969309852938757, 36.329877446352207 ], [ 43.969271971349229, 36.329855677967345 ], [ 43.96923362395345, 36.329834445507231 ], [ 43.969194822432407, 36.329813755439893 ], [ 43.96915557860541, 36.32979361406818 ], [ 43.969115904426523, 36.329774027527733 ], [ 43.969075811980872, 36.329755001785273 ], [ 43.969035313481008, 36.329736542636617 ], [ 43.968994421263162, 36.329718655705008 ], [ 43.968953147783516, 36.329701346439364 ], [ 43.968911505614351, 36.329684620112673 ], [ 43.968869507440282, 36.329668481820271 ], [ 43.968827166054361, 36.329652936478432 ], [ 43.968784494354203, 36.329637988822775 ], [ 43.968741505337981, 36.32962364340684 ], [ 43.968698212100598, 36.329609904600694 ], [ 43.968654627829586, 36.329596776589675 ], [ 43.968610765801145, 36.329584263372972 ], [ 43.968566639376043, 36.329572368762555 ], [ 43.968522261995652, 36.329561096381902 ], [ 43.968477647177721, 36.329550449664971 ], [ 43.968432808512375, 36.329540431855108 ], [ 43.968387759657915, 36.329531046004085 ], [ 43.968342514336634, 36.329522294971156 ], [ 43.968297086330708, 36.329514181422169 ], [ 43.96825148947795, 36.329506707828806 ], [ 43.968205737667596, 36.329499876467764 ], [ 43.968159844836087, 36.329493689420119 ], [ 43.968113824962849, 36.329488148570647 ], [ 43.968067692065951, 36.329483255607315 ], [ 43.968021460197932, 36.329479012020656 ], [ 43.967975143441464, 36.329475419103431 ], [ 43.967928755905092, 36.329472477950148 ], [ 43.967882311718888, 36.329470189456821 ], [ 43.967835825030228, 36.329468554320577 ], [ 43.967789309999382, 36.329467573039544 ], [ 43.967742780795291, 36.329467245912632 ], [ 43.967696251591207, 36.329467573039544 ], [ 43.967649736560361, 36.329468554320584 ], [ 43.967603249871701, 36.329470189456814 ], [ 43.967556805685497, 36.329472477950162 ], [ 43.967510418149132, 36.329475419103431 ], [ 43.967464101392665, 36.329479012020641 ], [ 43.967417869524645, 36.329483255607329 ], [ 43.967371736627747, 36.329488148570661 ], [ 43.967325716754509, 36.329493689420104 ], [ 43.967279823923, 36.329499876467764 ], [ 43.967234072112646, 36.329506707828806 ], [ 43.967188475259888, 36.329514181422169 ], [ 43.967143047253963, 36.329522294971156 ], [ 43.967097801932681, 36.329531046004085 ], [ 43.967052753078221, 36.329540431855108 ], [ 43.967007914412875, 36.329550449664978 ], [ 43.966963299594944, 36.329561096381902 ], [ 43.966918922214546, 36.329572368762555 ], [ 43.966874795789451, 36.329584263372972 ], [ 43.96683093376101, 36.329596776589675 ], [ 43.966787349489991, 36.329609904600709 ], [ 43.966744056252608, 36.329623643406826 ], [ 43.966701067236393, 36.329637988822782 ], [ 43.966658395536221, 36.329652936478439 ], [ 43.966616054150315, 36.329668481820285 ], [ 43.966574055976245, 36.329684620112666 ], [ 43.96653241380708, 36.329701346439379 ], [ 43.966491140327427, 36.329718655705008 ], [ 43.966450248109581, 36.329736542636617 ], [ 43.966409749609724, 36.329755001785273 ], [ 43.966369657164073, 36.329774027527726 ], [ 43.966329982985179, 36.329793614068173 ], [ 43.96629073915819, 36.329813755439901 ], [ 43.966251937637139, 36.329834445507231 ], [ 43.96621359024136, 36.329855677967366 ], [ 43.966175708651839, 36.329877446352214 ], [ 43.966138304407671, 36.329899744030484 ], [ 43.966101388902565, 36.329922564209653 ], [ 43.966064973381322, 36.329945899937975 ], [ 43.966029068936464, 36.329969744106734 ], [ 43.965993686504852, 36.329994089452306 ], [ 43.965958836864303, 36.330018928558381 ], [ 43.965924530630346, 36.33004425385824 ], [ 43.965890778253012, 36.330070057637116 ], [ 43.965857590013599, 36.330096332034458 ], [ 43.965824976021544, 36.33012306904633 ], [ 43.965792946211415, 36.330150260527915 ], [ 43.965761510339775, 36.330177898195963 ], [ 43.965730677982322, 36.330205973631301 ], [ 43.965700458530868, 36.330234478281412 ], [ 43.965670861190567, 36.330263403463015 ], [ 43.965641894977047, 36.330292740364783 ], [ 43.9656135687137, 36.330322480049951 ], [ 43.965585891028979, 36.330352613459041 ], [ 43.965558870353767, 36.330383131412702 ], [ 43.965532514918834, 36.330414024614406 ], [ 43.965506832752311, 36.330445283653354 ], [ 43.965481831677209, 36.330476899007294 ], [ 43.965457519309119, 36.330508861045459 ], [ 43.965433903053814, 36.330541160031501 ], [ 43.965410990105028, 36.330573786126394 ], [ 43.965388787442286, 36.330606729391512 ], [ 43.965367301828714, 36.330639979791641 ], [ 43.96534653980904, 36.33067352719798 ], [ 43.965326507707594, 36.330707361391319 ], [ 43.965307211626346, 36.330741472065036 ], [ 43.965288657443047, 36.330775848828331 ], [ 43.965270850809503, 36.330810481209376 ], [ 43.965253797149771, 36.330845358658493 ], [ 43.965237501658578, 36.330880470551321 ], [ 43.96522196929967, 36.330915806192138 ], [ 43.965207204804365, 36.330951354817088 ], [ 43.96519321267008, 36.330987105597409 ], [ 43.965179997158934, 36.331023047642809 ], [ 43.965167562296507, 36.331059170004728 ], [ 43.965155911870589, 36.331095461679709 ], [ 43.965145049429999, 36.331131911612708 ], [ 43.965134978283551, 36.33116850870055 ], [ 43.965125701499012, 36.331205241795139 ], [ 43.965117221902169, 36.331242099707104 ], [ 43.965109542076014, 36.331279071208961 ], [ 43.965102664359883, 36.331316145038684 ], [ 43.965096590848781, 36.331353309903101 ], [ 43.965091323392777, 36.331390554481288 ], [ 43.965086863596376, 36.331427867428097 ], [ 43.965083212818094, 36.33146523737755 ], [ 43.965080372169972, 36.331502652946334 ], [ 43.965078342517316, 36.331540102737222 ], [ 43.96507712447837, 36.331577575342628 ], [ 43.96507671842415, 36.331615059348003 ], [ 43.96507712447837, 36.331652543335338 ], [ 43.965078342517316, 36.331690015886643 ], [ 43.965080372169972, 36.33172746558747 ], [ 43.965083212818094, 36.331764881030324 ], [ 43.965086863596376, 36.331802250818129 ], [ 43.965091323392777, 36.331839563567762 ], [ 43.965096590848781, 36.33187680791351 ], [ 43.965102664359883, 36.331913972510456 ], [ 43.965109542076014, 36.331951046038064 ], [ 43.965117221902169, 36.331988017203493 ], [ 43.965125701499012, 36.332024874745137 ], [ 43.965134978283551, 36.332061607435975 ], [ 43.965145049429999, 36.332098204087082 ], [ 43.965155911870589, 36.332134653550952 ], [ 43.965167562296507, 36.332170944724936 ], [ 43.965179997158934, 36.332207066554638 ], [ 43.96519321267008, 36.332243008037238 ], [ 43.965207204804365, 36.332278758224852 ], [ 43.96522196929967, 36.332314306227893 ], [ 43.965237501658578, 36.332349641218414 ], [ 43.965253797149771, 36.332384752433292 ], [ 43.965270850809503, 36.332419629177657 ], [ 43.965288657443047, 36.332454260828037 ], [ 43.965307211626346, 36.332488636835578 ], [ 43.965326507707594, 36.332522746729389 ], [ 43.96534653980904, 36.33255658011965 ], [ 43.965367301828714, 36.332590126700715 ], [ 43.965388787442286, 36.332623376254368 ], [ 43.965410990105028, 36.332656318652859 ], [ 43.965433903053814, 36.332688943861982 ], [ 43.965457519309119, 36.33272124194422 ], [ 43.965481831677209, 36.332753203061671 ], [ 43.965506832752311, 36.332784817479059 ], [ 43.965532514918834, 36.332816075566789 ], [ 43.965558870353767, 36.332846967803761 ], [ 43.965585891028979, 36.332877484780369 ], [ 43.9656135687137, 36.332907617201272 ], [ 43.965641894977047, 36.332937355888269 ], [ 43.965670861190567, 36.332966691783177 ], [ 43.965700458530868, 36.332995615950423 ], [ 43.965730677982322, 36.333024119579882 ], [ 43.965761510339775, 36.333052193989566 ], [ 43.965792946211415, 36.333079830628179 ], [ 43.965824976021544, 36.333107021077815 ], [ 43.965857590013599, 36.333133757056494 ], [ 43.965890778253012, 36.333160030420622 ], [ 43.965924530630346, 36.333185833167562 ], [ 43.965958836864303, 36.333211157438029 ], [ 43.965993686504852, 36.333235995518422 ], [ 43.966029068936464, 36.333260339843342 ], [ 43.966064973381322, 36.333284182997744 ], [ 43.966101388902565, 36.333307517719199 ], [ 43.966138304407671, 36.333330336900211 ], [ 43.966175708651839, 36.33335263359028 ], [ 43.96621359024136, 36.333374400998075 ], [ 43.966251937637139, 36.333395632493492 ], [ 43.96629073915819, 36.333416321609612 ], [ 43.966329982985179, 36.333436462044794 ], [ 43.966369657164073, 36.333456047664484 ], [ 43.966409749609724, 36.333475072503163 ], [ 43.966450248109581, 36.333493530766063 ], [ 43.966491140327427, 36.333511416831016 ], [ 43.96653241380708, 36.333528725250176 ], [ 43.966574055976245, 36.3335454507516 ], [ 43.966616054150315, 36.333561588240926 ], [ 43.966658395536228, 36.333577132802873 ], [ 43.966701067236393, 36.333592079702797 ], [ 43.966744056252608, 36.333606424388037 ], [ 43.966787349489991, 36.333620162489431 ], [ 43.96683093376101, 36.333633289822515 ], [ 43.966874795789451, 36.333645802388908 ], [ 43.966918922214546, 36.333657696377422 ], [ 43.966963299594944, 36.333668968165362 ], [ 43.967007914412875, 36.333679614319493 ], [ 43.967052753078221, 36.333689631597132 ], [ 43.967097801932681, 36.333699016947165 ], [ 43.967143047253963, 36.333707767510965 ], [ 43.967188475259888, 36.333715880623231 ], [ 43.967234072112646, 36.333723353812836 ], [ 43.967279823923, 36.333730184803571 ], [ 43.967325716754509, 36.333736371514775 ], [ 43.967371736627747, 36.333741912062102 ], [ 43.967417869524645, 36.333746804758 ], [ 43.967464101392665, 36.333751048112205 ], [ 43.967510418149132, 36.333754640832261 ], [ 43.967556805685497, 36.333757581823882 ], [ 43.967603249871701, 36.333759870191265 ], [ 43.967649736560361, 36.333761505237462 ], [ 43.967696251591214, 36.333762486464423 ], [ 43.967742780795291, 36.33376281357328 ] ] ] ] } },
{ "type": "Feature", "properties": { "id": 31 }, "geometry": { "type": "MultiPolygon", "coordinates": [ [ [ [ 43.96721255924512, 36.316350636931283 ], [ 43.967247068869355, 36.316350394268063 ], [ 43.96728156798163, 36.31634966635233 ], [ 43.967316046073172, 36.316348453405766 ], [ 43.967350492641629, 36.316346755797838 ], [ 43.967384897194229, 36.316344574045658 ], [ 43.967419249251023, 36.316341908813698 ], [ 43.967453538348046, 36.316338760913823 ], [ 43.967487754040491, 36.316335131304839 ], [ 43.967521885905938, 36.316331021092282 ], [ 43.967555923547486, 36.316326431528097 ], [ 43.967589856596945, 36.316321364010207 ], [ 43.967623674717977, 36.316315820082167 ], [ 43.967657367609242, 36.316309801432588 ], [ 43.967690925007581, 36.3163033098947 ], [ 43.96772433669107, 36.316296347445785 ], [ 43.967757592482201, 36.31628891620651 ], [ 43.967790682250914, 36.316281018440435 ], [ 43.967823595917764, 36.316272656553075 ], [ 43.967856323456928, 36.316263833091462 ], [ 43.967888854899279, 36.316254550743103 ], [ 43.967921180335416, 36.316244812335349 ], [ 43.967953289918711, 36.316234620834443 ], [ 43.967985173868257, 36.316223979344628 ], [ 43.968016822471903, 36.316212891107234 ], [ 43.968048226089188, 36.316201359499637 ], [ 43.968079375154254, 36.316189388034303 ], [ 43.968110260178797, 36.316176980357639 ], [ 43.968140871754947, 36.316164140248951 ], [ 43.96817120055811, 36.316150871619243 ], [ 43.968201237349831, 36.316137178510047 ], [ 43.968230972980628, 36.316123065092178 ], [ 43.968260398392744, 36.316108535664519 ], [ 43.968289504622909, 36.316093594652621 ], [ 43.968318282805072, 36.316078246607447 ], [ 43.968346724173117, 36.316062496203905 ], [ 43.968374820063552, 36.316046348239489 ], [ 43.968402561918076, 36.316029807632773 ], [ 43.96842994128626, 36.316012879421919 ], [ 43.968456949828081, 36.315995568763228 ], [ 43.968483579316477, 36.315977880929402 ], [ 43.968509821639842, 36.315959821308049 ], [ 43.96853566880452, 36.315941395400102 ], [ 43.968561112937216, 36.315922608817978 ], [ 43.968586146287379, 36.315903467283995 ], [ 43.968610761229627, 36.315883976628598 ], [ 43.968634950266008, 36.315864142788577 ], [ 43.968658706028307, 36.315843971805258 ], [ 43.968682021280287, 36.315823469822625 ], [ 43.968704888919888, 36.315802643085561 ], [ 43.968727301981424, 36.315781497937792 ], [ 43.968749253637633, 36.315760040820102 ], [ 43.968770737201858, 36.315738278268313 ], [ 43.96879174612998, 36.315716216911198 ], [ 43.968812274022483, 36.315693863468645 ], [ 43.968832314626368, 36.315671224749472 ], [ 43.968851861837067, 36.315648307649411 ], [ 43.968870909700314, 36.315625119148976 ], [ 43.968889452413954, 36.31560166631138 ], [ 43.968907484329684, 36.315577956280357 ], [ 43.968924999954815, 36.315553996277949 ], [ 43.968941993953919, 36.31552979360243 ], [ 43.968958461150457, 36.315505355625909 ], [ 43.968974396528374, 36.315480689792217 ], [ 43.968989795233568, 36.315455803614618 ], [ 43.969004652575471, 36.315430704673417 ], [ 43.969018964028386, 36.315405400613876 ], [ 43.969032725232907, 36.315379899143601 ], [ 43.969045931997229, 36.315354208030399 ], [ 43.969058580298459, 36.315328335099863 ], [ 43.969070666283784, 36.315302288232978 ], [ 43.969082186271706, 36.315276075363663 ], [ 43.969093136753138, 36.315249704476479 ], [ 43.969103514392437, 36.315223183604097 ], [ 43.969113316028476, 36.315196520824841 ], [ 43.969122538675578, 36.315169724260365 ], [ 43.969131179524453, 36.315142802073012 ], [ 43.969139235943004, 36.3151157624634 ], [ 43.969146705477172, 36.315088613667953 ], [ 43.96915358585165, 36.315061363956325 ], [ 43.969159874970636, 36.315034021628982 ], [ 43.969165570918385, 36.315006595014516 ], [ 43.969170671959844, 36.314979092467318 ], [ 43.969175176541214, 36.314951522364787 ], [ 43.969179083290335, 36.314923893105025 ], [ 43.969182391017192, 36.314896213104078 ], [ 43.969185098714213, 36.314868490793529 ], [ 43.969187205556587, 36.314840734617803 ], [ 43.969188710902571, 36.314812953031677 ], [ 43.969189614293619, 36.314785154497649 ], [ 43.96918991545455, 36.314757347483422 ], [ 43.969189614293619, 36.31472954045929 ], [ 43.969188710902571, 36.314701741895519 ], [ 43.969187205556587, 36.314673960259846 ], [ 43.969185098714213, 36.314646204014856 ], [ 43.969182391017192, 36.314618481615391 ], [ 43.969179083290335, 36.314590801506029 ], [ 43.969175176541214, 36.314563172118419 ], [ 43.969170671959844, 36.314535601868798 ], [ 43.969165570918385, 36.314508099155418 ], [ 43.969159874970636, 36.314480672355934 ], [ 43.96915358585165, 36.314453329824907 ], [ 43.969146705477172, 36.314426079891213 ], [ 43.969139235943004, 36.314398930855589 ], [ 43.969131179524453, 36.314371890987942 ], [ 43.969122538675578, 36.314344968525056 ], [ 43.969113316028476, 36.314318171667878 ], [ 43.969103514392437, 36.314291508579089 ], [ 43.969093136753138, 36.314264987380739 ], [ 43.969082186271706, 36.314238616151513 ], [ 43.969070666283784, 36.314212402924547 ], [ 43.969058580298459, 36.314186355684789 ], [ 43.969045931997229, 36.314160482366653 ], [ 43.969032725232907, 36.314134790851583 ], [ 43.969018964028386, 36.314109288965668 ], [ 43.969004652575471, 36.314083984477179 ], [ 43.968989795233568, 36.31405888509434 ], [ 43.968974396528374, 36.314033998462833 ], [ 43.968958461150457, 36.314009332163586 ], [ 43.968941993953919, 36.313984893710433 ], [ 43.968924999954815, 36.313960690547752 ], [ 43.968907484329684, 36.31393673004829 ], [ 43.968889452413954, 36.313913019510871 ], [ 43.968870909700314, 36.313889566158196 ], [ 43.968851861837067, 36.313866377134609 ], [ 43.968832314626368, 36.313843459503971 ], [ 43.968812274022483, 36.313820820247436 ], [ 43.96879174612998, 36.313798466261382 ], [ 43.968770737201858, 36.313776404355302 ], [ 43.968749253637633, 36.313754641249737 ], [ 43.968727301981424, 36.313733183574172 ], [ 43.968704888919888, 36.313712037865074 ], [ 43.968682021280287, 36.31369121056391 ], [ 43.968658706028307, 36.313670708015103 ], [ 43.968634950266008, 36.31365053646423 ], [ 43.968610761229627, 36.313630702055974 ], [ 43.968586146287379, 36.313611210832335 ], [ 43.968561112937216, 36.313592068730799 ], [ 43.96853566880452, 36.313573281582514 ], [ 43.968509821639842, 36.313554855110475 ], [ 43.968483579316477, 36.313536794927785 ], [ 43.968456949828081, 36.313519106536063 ], [ 43.96842994128626, 36.31350179532361 ], [ 43.968402561918076, 36.313484866563805 ], [ 43.968374820063552, 36.313468325413588 ], [ 43.968346724173117, 36.313452176911802 ], [ 43.968318282805072, 36.31343642597767 ], [ 43.968289504622909, 36.313421077409352 ], [ 43.968260398392744, 36.313406135882381 ], [ 43.968230972980628, 36.313391605948318 ], [ 43.968201237349831, 36.313377492033396 ], [ 43.96817120055811, 36.313363798437038 ], [ 43.968140871754947, 36.313350529330691 ], [ 43.968110260178797, 36.313337688756441 ], [ 43.968079375154254, 36.313325280625897 ], [ 43.968048226089188, 36.313313308718904 ], [ 43.968016822471903, 36.313301776682373 ], [ 43.967985173868257, 36.313290688029333 ], [ 43.967953289918711, 36.313280046137656 ], [ 43.967921180335416, 36.313269854249135 ], [ 43.967888854899279, 36.31326011546853 ], [ 43.967856323456928, 36.313250832762513 ], [ 43.967823595917764, 36.313242008958866 ], [ 43.967790682250914, 36.313233646745537 ], [ 43.967757592482201, 36.313225748669893 ], [ 43.96772433669107, 36.313218317137931 ], [ 43.967690925007581, 36.313211354413468 ], [ 43.967657367609242, 36.313204862617575 ], [ 43.967623674717977, 36.313198843727811 ], [ 43.967589856596945, 36.313193299577705 ], [ 43.967555923547486, 36.313188231856152 ], [ 43.967521885905938, 36.313183642106935 ], [ 43.967487754040491, 36.313179531728217 ], [ 43.967453538348046, 36.31317590197213 ], [ 43.967419249251023, 36.313172753944407 ], [ 43.967384897194229, 36.313170088604018 ], [ 43.967350492641629, 36.313167906762907 ], [ 43.967316046073172, 36.313166209085736 ], [ 43.96728156798163, 36.31316499608964 ], [ 43.967247068869355, 36.313164268144142 ], [ 43.96721255924512, 36.313164025471004 ], [ 43.967178049620884, 36.313164268144142 ], [ 43.967143550508609, 36.31316499608964 ], [ 43.967109072417067, 36.313166209085729 ], [ 43.96707462584861, 36.313167906762907 ], [ 43.967040221296003, 36.313170088604025 ], [ 43.967005869239209, 36.313172753944407 ], [ 43.966971580142193, 36.31317590197213 ], [ 43.966937364449748, 36.313179531728217 ], [ 43.966903232584301, 36.313183642106928 ], [ 43.966869194942753, 36.313188231856152 ], [ 43.966835261893294, 36.313193299577691 ], [ 43.966801443772262, 36.313198843727818 ], [ 43.966767750880997, 36.313204862617575 ], [ 43.966734193482658, 36.313211354413468 ], [ 43.966700781799169, 36.313218317137938 ], [ 43.966667526008045, 36.3132257486699 ], [ 43.966634436239318, 36.31323364674553 ], [ 43.966601522572475, 36.313242008958866 ], [ 43.966568795033311, 36.313250832762513 ], [ 43.96653626359096, 36.31326011546853 ], [ 43.96650393815483, 36.313269854249135 ], [ 43.966471828571535, 36.313280046137656 ], [ 43.966439944621982, 36.313290688029326 ], [ 43.966408296018336, 36.313301776682373 ], [ 43.966376892401051, 36.313313308718897 ], [ 43.966345743335985, 36.313325280625897 ], [ 43.966314858311435, 36.313337688756441 ], [ 43.966284246735292, 36.313350529330691 ], [ 43.966253917932129, 36.313363798437038 ], [ 43.966223881140408, 36.313377492033403 ], [ 43.966194145509604, 36.313391605948325 ], [ 43.966164720097495, 36.313406135882389 ], [ 43.96613561386733, 36.313421077409352 ], [ 43.966106835685167, 36.313436425977677 ], [ 43.966078394317123, 36.313452176911809 ], [ 43.966050298426687, 36.313468325413581 ], [ 43.966022556572163, 36.313484866563805 ], [ 43.965995177203979, 36.313501795323603 ], [ 43.965968168662158, 36.31351910653607 ], [ 43.965941539173762, 36.313536794927792 ], [ 43.965915296850397, 36.313554855110468 ], [ 43.965889449685719, 36.313573281582499 ], [ 43.96586400555303, 36.313592068730813 ], [ 43.96583897220286, 36.313611210832335 ], [ 43.965814357260612, 36.313630702055967 ], [ 43.965790168224231, 36.31365053646423 ], [ 43.965766412461932, 36.31367070801511 ], [ 43.965743097209952, 36.31369121056391 ], [ 43.965720229570351, 36.313712037865074 ], [ 43.965697816508815, 36.313733183574158 ], [ 43.965675864852599, 36.313754641249744 ], [ 43.965654381288381, 36.313776404355302 ], [ 43.965633372360259, 36.313798466261375 ], [ 43.965612844467763, 36.313820820247422 ], [ 43.965592803863871, 36.313843459503957 ], [ 43.965573256653173, 36.313866377134609 ], [ 43.965554208789925, 36.313889566158188 ], [ 43.965535666076285, 36.313913019510878 ], [ 43.965517634160555, 36.31393673004829 ], [ 43.965500118535424, 36.313960690547745 ], [ 43.96548312453632, 36.31398489371044 ], [ 43.965466657339782, 36.314009332163593 ], [ 43.965450721961865, 36.314033998462818 ], [ 43.965435323256671, 36.314058885094326 ], [ 43.965420465914768, 36.314083984477179 ], [ 43.965406154461853, 36.314109288965668 ], [ 43.965392393257332, 36.31413479085159 ], [ 43.965379186493003, 36.31416048236666 ], [ 43.96536653819178, 36.314186355684797 ], [ 43.965354452206455, 36.314212402924547 ], [ 43.965342932218526, 36.314238616151513 ], [ 43.965331981737108, 36.314264987380731 ], [ 43.965321604097802, 36.314291508579096 ], [ 43.96531180246177, 36.314318171667871 ], [ 43.965302579814661, 36.314344968525056 ], [ 43.965293938965786, 36.314371890987964 ], [ 43.965285882547235, 36.314398930855589 ], [ 43.965278413013074, 36.31442607989122 ], [ 43.965271532638582, 36.314453329824907 ], [ 43.965265243519603, 36.314480672355934 ], [ 43.965259547571861, 36.314508099155418 ], [ 43.965254446530388, 36.314535601868791 ], [ 43.965249941949025, 36.314563172118419 ], [ 43.965246035199897, 36.314590801506029 ], [ 43.965242727473047, 36.314618481615391 ], [ 43.965240019776026, 36.314646204014856 ], [ 43.965237912933652, 36.314673960259846 ], [ 43.96523640758766, 36.314701741895512 ], [ 43.96523550419662, 36.314729540459282 ], [ 43.965235203035689, 36.314757347483422 ], [ 43.96523550419662, 36.314785154497628 ], [ 43.96523640758766, 36.314812953031677 ], [ 43.965237912933652, 36.314840734617803 ], [ 43.965240019776026, 36.314868490793522 ], [ 43.965242727473047, 36.314896213104078 ], [ 43.965246035199897, 36.314923893105025 ], [ 43.965249941949025, 36.31495152236478 ], [ 43.965254446530388, 36.314979092467311 ], [ 43.965259547571861, 36.315006595014516 ], [ 43.965265243519603, 36.315034021628975 ], [ 43.965271532638582, 36.315061363956325 ], [ 43.965278413013074, 36.315088613667953 ], [ 43.965285882547235, 36.3151157624634 ], [ 43.965293938965786, 36.315142802072998 ], [ 43.965302579814661, 36.315169724260365 ], [ 43.96531180246177, 36.315196520824855 ], [ 43.965321604097802, 36.315223183604097 ], [ 43.965331981737108, 36.315249704476486 ], [ 43.965342932218526, 36.315276075363663 ], [ 43.965354452206455, 36.315302288232978 ], [ 43.96536653819178, 36.315328335099871 ], [ 43.965379186493003, 36.315354208030399 ], [ 43.965392393257332, 36.315379899143593 ], [ 43.965406154461853, 36.315405400613884 ], [ 43.965420465914768, 36.315430704673425 ], [ 43.965435323256671, 36.315455803614604 ], [ 43.965450721961865, 36.315480689792217 ], [ 43.965466657339782, 36.315505355625923 ], [ 43.96548312453632, 36.315529793602444 ], [ 43.965500118535424, 36.315553996277963 ], [ 43.965517634160555, 36.315577956280343 ], [ 43.965535666076285, 36.315601666311387 ], [ 43.965554208789925, 36.315625119148969 ], [ 43.965573256653173, 36.315648307649418 ], [ 43.965592803863871, 36.31567122474948 ], [ 43.965612844467763, 36.315693863468645 ], [ 43.965633372360259, 36.315716216911198 ], [ 43.965654381288381, 36.31573827826832 ], [ 43.965675864852599, 36.315760040820109 ], [ 43.965697816508815, 36.315781497937799 ], [ 43.965720229570351, 36.315802643085561 ], [ 43.965743097209952, 36.315823469822618 ], [ 43.965766412461932, 36.315843971805258 ], [ 43.965790168224231, 36.315864142788591 ], [ 43.965814357260612, 36.315883976628605 ], [ 43.96583897220286, 36.315903467283988 ], [ 43.96586400555303, 36.315922608817964 ], [ 43.965889449685719, 36.315941395400095 ], [ 43.965915296850397, 36.315959821308049 ], [ 43.965941539173762, 36.315977880929388 ], [ 43.965968168662158, 36.315995568763228 ], [ 43.965995177203979, 36.316012879421933 ], [ 43.966022556572163, 36.316029807632773 ], [ 43.966050298426687, 36.316046348239489 ], [ 43.966078394317123, 36.316062496203905 ], [ 43.966106835685167, 36.316078246607447 ], [ 43.96613561386733, 36.316093594652621 ], [ 43.966164720097495, 36.316108535664512 ], [ 43.966194145509604, 36.316123065092178 ], [ 43.966223881140408, 36.316137178510033 ], [ 43.966253917932129, 36.316150871619243 ], [ 43.966284246735292, 36.316164140248951 ], [ 43.966314858311435, 36.316176980357646 ], [ 43.966345743335985, 36.316189388034303 ], [ 43.966376892401051, 36.316201359499637 ], [ 43.966408296018336, 36.316212891107227 ], [ 43.966439944621982, 36.31622397934462 ], [ 43.966471828571535, 36.316234620834436 ], [ 43.96650393815483, 36.316244812335349 ], [ 43.96653626359096, 36.316254550743096 ], [ 43.966568795033311, 36.316263833091455 ], [ 43.966601522572475, 36.316272656553089 ], [ 43.966634436239318, 36.316281018440428 ], [ 43.966667526008045, 36.316288916206524 ], [ 43.966700781799169, 36.316296347445778 ], [ 43.966734193482658, 36.316303309894707 ], [ 43.966767750880997, 36.316309801432588 ], [ 43.966801443772262, 36.316315820082167 ], [ 43.966835261893294, 36.3163213640102 ], [ 43.966869194942753, 36.316326431528097 ], [ 43.966903232584301, 36.316331021092275 ], [ 43.966937364449748, 36.316335131304847 ], [ 43.966971580142193, 36.316338760913823 ], [ 43.967005869239209, 36.316341908813705 ], [ 43.967040221296003, 36.316344574045644 ], [ 43.96707462584861, 36.316346755797852 ], [ 43.967109072417067, 36.316348453405773 ], [ 43.967143550508609, 36.31634966635233 ], [ 43.967178049620884, 36.316350394268063 ], [ 43.96721255924512, 36.316350636931283 ] ] ] ] } },
{ "type": "Feature", "properties": { "id": 34 }, "geometry": { "type": "MultiPolygon", "coordinates": [ [ [ [ 44.071637654242799, 36.333888723427037 ], [ 44.071686697667218, 36.333888378643302 ], [ 44.071735726152532, 36.333887344397098 ], [ 44.0717847247642, 36.333885621003468 ], [ 44.071833678576759, 36.333883208987288 ], [ 44.071882572678398, 36.333880109083253 ], [ 44.071931392175514, 36.333876322235525 ], [ 44.071980122197218, 36.333871849597507 ], [ 44.072028747899864, 36.333866692531522 ], [ 44.072077254471587, 36.333860852608296 ], [ 44.07212562713682, 36.333854331606553 ], [ 44.072173851160798, 36.333847131512556 ], [ 44.072221911853987, 36.333839254519255 ], [ 44.072269794576641, 36.333830703025924 ], [ 44.072317484743245, 36.333821479637152 ], [ 44.072364967826886, 36.333811587162252 ], [ 44.072412229363756, 36.333801028614332 ], [ 44.072459254957543, 36.333789807209342 ], [ 44.072506030283805, 36.33377792636513 ], [ 44.072552541094296, 36.333765389700467 ], [ 44.072598773221394, 36.333752201033768 ], [ 44.072644712582346, 36.3337383643821 ], [ 44.072690345183574, 36.333723883959955 ], [ 44.07273565712493, 36.333708764177786 ], [ 44.072780634603987, 36.333693009640911 ], [ 44.072825263920144, 36.333676625147909 ], [ 44.072869531478887, 36.333659615689228 ], [ 44.072913423795903, 36.333641986445755 ], [ 44.072956927501153, 36.333623742787076 ], [ 44.073000029342978, 36.333604890269974 ], [ 44.073042716192148, 36.333585434636674 ], [ 44.073084975045852, 36.333565381813081 ], [ 44.073126793031605, 36.333544737907012 ], [ 44.07316815741126, 36.333523509206373 ], [ 44.073209055584826, 36.333501702177124 ], [ 44.073249475094322, 36.333479323461425 ], [ 44.073289403627577, 36.333456379875571 ], [ 44.07332882902196, 36.333432878407891 ], [ 44.073367739268129, 36.333408826216647 ], [ 44.073406122513639, 36.333384230627885 ], [ 44.073443967066574, 36.333359099133126 ], [ 44.073481261399131, 36.333333439387189 ], [ 44.073517994151089, 36.333307259205711 ], [ 44.073554154133291, 36.333280566562962 ], [ 44.073589730331065, 36.333253369589215 ], [ 44.073624711907549, 36.333225676568439 ], [ 44.073659088207023, 36.33319749593565 ], [ 44.073692848758128, 36.333168836274432 ], [ 44.073725983277079, 36.333139706314263 ], [ 44.073758481670772, 36.333110114927869 ], [ 44.073790334039877, 36.333080071128606 ], [ 44.073821530681876, 36.333049584067538 ], [ 44.073852062093955, 36.333018663030821 ], [ 44.073881918975943, 36.332987317436803 ], [ 44.073911092233153, 36.332955556833127 ], [ 44.073939572979128, 36.332923390893896 ], [ 44.073967352538361, 36.332890829416669 ], [ 44.073994422448926, 36.332857882319487 ], [ 44.074020774465055, 36.332824559637871 ], [ 44.074046400559695, 36.33279087152178 ], [ 44.074071292926867, 36.332756828232455 ], [ 44.074095443984106, 36.332722440139356 ], [ 44.074118846374802, 36.332687717716972 ], [ 44.074141492970327, 36.332652671541652 ], [ 44.07416337687232, 36.332617312288399 ], [ 44.074184491414741, 36.332581650727533 ], [ 44.074204830165876, 36.332545697721507 ], [ 44.074224386930368, 36.332509464221566 ], [ 44.074243155751013, 36.332472961264408 ], [ 44.074261130910664, 36.332436199968804 ], [ 44.074278306933913, 36.33239919153224 ], [ 44.074294678588764, 36.332361947227518 ], [ 44.074310240888259, 36.332324478399272 ], [ 44.074324989091984, 36.332286796460558 ], [ 44.074338918707468, 36.332248912889348 ], [ 44.074352025491635, 36.332210839225084 ], [ 44.074364305452022, 36.332172587065074 ], [ 44.074375754848035, 36.332134168061053 ], [ 44.074386370192087, 36.332095593915589 ], [ 44.074396148250635, 36.33205687637853 ], [ 44.074405086045168, 36.332018027243372 ], [ 44.074413180853185, 36.331979058343777 ], [ 44.074420430208903, 36.331939981549873 ], [ 44.074426831904098, 36.331900808764701 ], [ 44.074432383988764, 36.331861551920468 ], [ 44.074437084771674, 36.331822222975134 ], [ 44.074440932820934, 36.331782833908562 ], [ 44.074443926964371, 36.331743396718956 ], [ 44.074446066289958, 36.331703923419198 ], [ 44.074447350146023, 36.331664426033186 ], [ 44.074447778141511, 36.33162491659219 ], [ 44.074447350146023, 36.331585407131179 ], [ 44.074446066289958, 36.33154590968509 ], [ 44.074443926964371, 36.331506436285274 ], [ 44.074440932820934, 36.331466998955754 ], [ 44.074437084771674, 36.331427609709579 ], [ 44.074432383988764, 36.331388280545191 ], [ 44.074426831904098, 36.331349023442719 ], [ 44.074420430208903, 36.331309850360384 ], [ 44.074413180853185, 36.331270773230827 ], [ 44.074405086045168, 36.331231803957472 ], [ 44.074396148250635, 36.331192954410895 ], [ 44.074386370192087, 36.331154236425235 ], [ 44.074375754848035, 36.331115661794598 ], [ 44.074364305452022, 36.331077242269373 ], [ 44.074352025491635, 36.331038989552788 ], [ 44.074338918707468, 36.33100091529721 ], [ 44.074324989091984, 36.330963031100737 ], [ 44.074310240888259, 36.33092534850352 ], [ 44.074294678588764, 36.33088787898437 ], [ 44.074278306933913, 36.330850633957155 ], [ 44.074261130910664, 36.330813624767394 ], [ 44.074243155751013, 36.330776862688822 ], [ 44.074224386930368, 36.330740358919869 ], [ 44.074204830165876, 36.330704124580294 ], [ 44.074184491414741, 36.330668170707817 ], [ 44.07416337687232, 36.330632508254752 ], [ 44.074141492970327, 36.330597148084621 ], [ 44.074118846374802, 36.330562100968883 ], [ 44.074095443984106, 36.330527377583664 ], [ 44.074071292926867, 36.330492988506492 ], [ 44.074046400559695, 36.330458944213049 ], [ 44.074020774465055, 36.330425255074033 ], [ 44.073994422448926, 36.33039193135194 ], [ 44.073967352538361, 36.330358983197975 ], [ 44.073939572979128, 36.330326420648937 ], [ 44.073911092233153, 36.330294253624203 ], [ 44.073881918975943, 36.330262491922653 ], [ 44.073852062093955, 36.330231145219699 ], [ 44.073821530681876, 36.330200223064345 ], [ 44.073790334039877, 36.330169734876335 ], [ 44.073758481670772, 36.330139689943145 ], [ 44.073725983277079, 36.330110097417268 ], [ 44.073692848758128, 36.330080966313417 ], [ 44.073659088207023, 36.330052305505703 ], [ 44.073624711907549, 36.33002412372506 ], [ 44.073589730331065, 36.329996429556388 ], [ 44.073554154133291, 36.329969231436166 ], [ 44.073517994151089, 36.329942537649728 ], [ 44.073481261399131, 36.329916356328781 ], [ 44.073443967066574, 36.329890695448903 ], [ 44.073406122513639, 36.329865562827209 ], [ 44.073367739268129, 36.329840966119818 ], [ 44.07332882902196, 36.329816912819638 ], [ 44.073289403627577, 36.329793410254076 ], [ 44.073249475094322, 36.329770465582712 ], [ 44.073209055584826, 36.32974808579521 ], [ 44.07316815741126, 36.32972627770917 ], [ 44.073126793031605, 36.329705047968034 ], [ 44.073084975045852, 36.32968440303906 ], [ 44.073042716192148, 36.329664349211349 ], [ 44.073000029342978, 36.329644892593976 ], [ 44.072956927501153, 36.329626039114039 ], [ 44.072913423795903, 36.329607794514935 ], [ 44.072869531478887, 36.32959016435457 ], [ 44.072825263920144, 36.329573154003704 ], [ 44.072780634603987, 36.329556768644245 ], [ 44.07273565712493, 36.329541013267736 ], [ 44.072690345183574, 36.329525892673786 ], [ 44.072644712582346, 36.329511411468673 ], [ 44.072598773221394, 36.329497574063829 ], [ 44.072552541094296, 36.329484384674636 ], [ 44.072506030283805, 36.329471847319034 ], [ 44.072459254957543, 36.329459965816334 ], [ 44.072412229363756, 36.329448743786074 ], [ 44.072364967826886, 36.329438184646861 ], [ 44.072317484743245, 36.329428291615372 ], [ 44.072269794576641, 36.329419067705409 ], [ 44.072221911853987, 36.329410515726856 ], [ 44.072173851160798, 36.329402638284982 ], [ 44.07212562713682, 36.329395437779567 ], [ 44.072077254471587, 36.329388916404071 ], [ 44.072028747899864, 36.329383076145191 ], [ 44.071980122197218, 36.329377918782058 ], [ 44.071931392175514, 36.329373445885793 ], [ 44.071882572678398, 36.32936965881899 ], [ 44.071833678576759, 36.329366558735359 ], [ 44.0717847247642, 36.329364146579273 ], [ 44.071735726152532, 36.329362423085577 ], [ 44.071686697667218, 36.32936138877929 ], [ 44.071637654242799, 36.329361043975538 ], [ 44.071588610818374, 36.329361388779297 ], [ 44.07153958233306, 36.329362423085577 ], [ 44.071490583721392, 36.32936414657928 ], [ 44.071441629908833, 36.329366558735352 ], [ 44.071392735807194, 36.32936965881899 ], [ 44.071343916310077, 36.3293734458858 ], [ 44.071295186288374, 36.32937791878205 ], [ 44.071246560585728, 36.329383076145177 ], [ 44.071198054014005, 36.329388916404078 ], [ 44.071149681348771, 36.329395437779567 ], [ 44.071101457324801, 36.329402638284989 ], [ 44.071053396631605, 36.329410515726863 ], [ 44.07100551390895, 36.329419067705416 ], [ 44.070957823742347, 36.329428291615372 ], [ 44.070910340658713, 36.329438184646868 ], [ 44.070863079121835, 36.329448743786074 ], [ 44.070816053528048, 36.329459965816334 ], [ 44.070769278201794, 36.329471847319049 ], [ 44.070722767391295, 36.329484384674629 ], [ 44.070676535264198, 36.329497574063829 ], [ 44.070630595903253, 36.329511411468658 ], [ 44.070584963302025, 36.329525892673779 ], [ 44.070539651360662, 36.329541013267736 ], [ 44.070494673881605, 36.329556768644238 ], [ 44.070450044565447, 36.329573154003718 ], [ 44.070405777006705, 36.329590164354578 ], [ 44.070361884689696, 36.329607794514935 ], [ 44.070318380984446, 36.329626039114032 ], [ 44.070275279142614, 36.329644892593983 ], [ 44.070232592293443, 36.329664349211356 ], [ 44.070190333439747, 36.329684403039053 ], [ 44.070148515453987, 36.329705047968041 ], [ 44.070107151074325, 36.329726277709177 ], [ 44.070066252900766, 36.32974808579521 ], [ 44.07002583339127, 36.329770465582705 ], [ 44.069985904858015, 36.329793410254062 ], [ 44.069946479463631, 36.329816912819638 ], [ 44.06990756921747, 36.329840966119818 ], [ 44.06986918597196, 36.329865562827202 ], [ 44.069831341419018, 36.329890695448903 ], [ 44.069794047086468, 36.329916356328781 ], [ 44.069757314334502, 36.329942537649728 ], [ 44.069721154352301, 36.329969231436181 ], [ 44.069685578154534, 36.329996429556388 ], [ 44.069650596578043, 36.33002412372506 ], [ 44.069616220278569, 36.330052305505703 ], [ 44.069582459727471, 36.330080966313417 ], [ 44.069549325208513, 36.330110097417254 ], [ 44.069516826814827, 36.330139689943145 ], [ 44.069484974445714, 36.330169734876335 ], [ 44.069453777803716, 36.330200223064345 ], [ 44.069423246391636, 36.330231145219685 ], [ 44.069393389509649, 36.33026249192266 ], [ 44.069364216252438, 36.33029425362421 ], [ 44.069335735506456, 36.330326420648944 ], [ 44.069307955947231, 36.330358983197982 ], [ 44.069280886036665, 36.33039193135194 ], [ 44.069254534020537, 36.33042525507404 ], [ 44.069228907925897, 36.330458944213063 ], [ 44.069204015558725, 36.330492988506485 ], [ 44.069179864501486, 36.330527377583664 ], [ 44.06915646211079, 36.330562100968876 ], [ 44.069133815515265, 36.330597148084614 ], [ 44.069111931613271, 36.330632508254759 ], [ 44.069090817070858, 36.330668170707831 ], [ 44.069070478319716, 36.330704124580301 ], [ 44.069050921555231, 36.330740358919876 ], [ 44.069032152734579, 36.330776862688815 ], [ 44.069014177574928, 36.330813624767394 ], [ 44.068997001551679, 36.330850633957148 ], [ 44.068980629896828, 36.330887878984356 ], [ 44.068965067597333, 36.33092534850352 ], [ 44.068950319393615, 36.330963031100744 ], [ 44.068936389778123, 36.33100091529721 ], [ 44.068923282993957, 36.331038989552781 ], [ 44.06891100303357, 36.33107724226938 ], [ 44.068899553637564, 36.331115661794598 ], [ 44.068888938293505, 36.331154236425235 ], [ 44.068879160234957, 36.331192954410895 ], [ 44.068870222440424, 36.331231803957465 ], [ 44.068862127632414, 36.33127077323082 ], [ 44.068854878276696, 36.331309850360384 ], [ 44.068848476581493, 36.331349023442705 ], [ 44.068842924496828, 36.331388280545184 ], [ 44.068838223713918, 36.331427609709564 ], [ 44.068834375664665, 36.331466998955754 ], [ 44.068831381521228, 36.331506436285281 ], [ 44.068829242195633, 36.33154590968509 ], [ 44.068827958339568, 36.331585407131179 ], [ 44.06882753034408, 36.331624916592204 ], [ 44.068827958339568, 36.331664426033186 ], [ 44.068829242195633, 36.331703923419205 ], [ 44.068831381521228, 36.331743396718949 ], [ 44.068834375664665, 36.331782833908569 ], [ 44.068838223713918, 36.331822222975141 ], [ 44.068842924496828, 36.331861551920468 ], [ 44.068848476581493, 36.331900808764686 ], [ 44.068854878276696, 36.331939981549873 ], [ 44.068862127632414, 36.331979058343784 ], [ 44.068870222440424, 36.332018027243365 ], [ 44.068879160234957, 36.33205687637853 ], [ 44.068888938293505, 36.332095593915589 ], [ 44.068899553637564, 36.332134168061053 ], [ 44.06891100303357, 36.332172587065074 ], [ 44.068923282993957, 36.332210839225077 ], [ 44.068936389778123, 36.332248912889348 ], [ 44.068950319393615, 36.332286796460551 ], [ 44.068965067597333, 36.332324478399265 ], [ 44.068980629896828, 36.332361947227518 ], [ 44.068997001551679, 36.33239919153224 ], [ 44.069014177574928, 36.332436199968797 ], [ 44.069032152734579, 36.332472961264408 ], [ 44.069050921555231, 36.332509464221566 ], [ 44.069070478319716, 36.332545697721507 ], [ 44.069090817070858, 36.332581650727519 ], [ 44.069111931613271, 36.332617312288413 ], [ 44.069133815515265, 36.332652671541652 ], [ 44.06915646211079, 36.332687717716979 ], [ 44.069179864501486, 36.332722440139349 ], [ 44.069204015558725, 36.332756828232441 ], [ 44.069228907925897, 36.33279087152178 ], [ 44.069254534020537, 36.332824559637871 ], [ 44.069280886036665, 36.33285788231948 ], [ 44.069307955947231, 36.332890829416648 ], [ 44.069335735506471, 36.332923390893896 ], [ 44.069364216252438, 36.332955556833127 ], [ 44.069393389509649, 36.332987317436803 ], [ 44.069423246391636, 36.333018663030821 ], [ 44.069453777803716, 36.333049584067538 ], [ 44.069484974445714, 36.333080071128592 ], [ 44.069516826814827, 36.333110114927884 ], [ 44.069549325208513, 36.333139706314256 ], [ 44.069582459727471, 36.333168836274432 ], [ 44.069616220278569, 36.33319749593565 ], [ 44.069650596578043, 36.333225676568425 ], [ 44.069685578154534, 36.333253369589222 ], [ 44.069721154352301, 36.333280566562962 ], [ 44.069757314334502, 36.333307259205711 ], [ 44.069794047086468, 36.333333439387175 ], [ 44.069831341419018, 36.333359099133126 ], [ 44.06986918597196, 36.333384230627892 ], [ 44.06990756921747, 36.333408826216647 ], [ 44.069946479463631, 36.333432878407883 ], [ 44.069985904858015, 36.333456379875578 ], [ 44.07002583339127, 36.333479323461425 ], [ 44.070066252900766, 36.333501702177124 ], [ 44.070107151074325, 36.333523509206373 ], [ 44.070148515453987, 36.333544737907012 ], [ 44.070190333439747, 36.333565381813081 ], [ 44.070232592293443, 36.333585434636674 ], [ 44.070275279142614, 36.333604890269989 ], [ 44.070318380984446, 36.333623742787083 ], [ 44.070361884689696, 36.333641986445755 ], [ 44.070405777006705, 36.333659615689236 ], [ 44.070450044565447, 36.333676625147902 ], [ 44.070494673881605, 36.333693009640911 ], [ 44.070539651360662, 36.333708764177793 ], [ 44.070584963302025, 36.333723883959955 ], [ 44.070630595903253, 36.3337383643821 ], [ 44.070676535264198, 36.333752201033761 ], [ 44.070722767391295, 36.333765389700453 ], [ 44.070769278201794, 36.33377792636513 ], [ 44.070816053528048, 36.333789807209342 ], [ 44.070863079121835, 36.333801028614317 ], [ 44.070910340658713, 36.333811587162259 ], [ 44.070957823742347, 36.333821479637152 ], [ 44.07100551390895, 36.333830703025917 ], [ 44.071053396631605, 36.333839254519269 ], [ 44.071101457324801, 36.333847131512556 ], [ 44.071149681348771, 36.333854331606574 ], [ 44.071198054014005, 36.333860852608282 ], [ 44.071246560585728, 36.333866692531522 ], [ 44.071295186288374, 36.333871849597507 ], [ 44.071343916310077, 36.333876322235525 ], [ 44.071392735807194, 36.333880109083246 ], [ 44.071441629908833, 36.333883208987288 ], [ 44.071490583721392, 36.333885621003468 ], [ 44.07153958233306, 36.333887344397091 ], [ 44.071588610818374, 36.333888378643287 ], [ 44.071637654242799, 36.333888723427037 ] ] ] ] } },
{ "type": "Feature", "properties": { "id": 36 }, "geometry": { "type": "MultiPolygon", "coordinates": [ [ [ [ 43.973856643131867, 36.327484588144827 ], [ 43.973889169426258, 36.327484359460563 ], [ 43.973921685812826, 36.327483673477452 ], [ 43.973954182386755, 36.327482530404403 ], [ 43.973986649249291, 36.327480930589623 ], [ 43.9740190765107, 36.327478874520374 ], [ 43.974051454293324, 36.327476362822935 ], [ 43.974083772734588, 36.327473396262363 ], [ 43.974116021989978, 36.327469975742218 ], [ 43.974148192236044, 36.327466102304363 ], [ 43.97418027367344, 36.327461777128669 ], [ 43.974212256529832, 36.327457001532473 ], [ 43.974244131062932, 36.327451776970449 ], [ 43.974275887563465, 36.32744610503395 ], [ 43.974307516358074, 36.327439987450575 ], [ 43.974339007812333, 36.327433426083708 ], [ 43.974370352333644, 36.327426422931914 ], [ 43.97440154037416, 36.327418980128272 ], [ 43.974432562433684, 36.327411099939837 ], [ 43.974463409062615, 36.327402784766818 ], [ 43.974494070864758, 36.327394037141985 ], [ 43.974524538500248, 36.327384859729818 ], [ 43.974554802688338, 36.327375255325656 ], [ 43.974584854210264, 36.327365226854965 ], [ 43.974614683912037, 36.327354777372349 ], [ 43.974644282707253, 36.327343910060627 ], [ 43.974673641579813, 36.327332628229954 ], [ 43.974702751586733, 36.327320935316678 ], [ 43.974731603860832, 36.327308834882395 ], [ 43.974760189613406, 36.327296330612825 ], [ 43.974788500136974, 36.327283426316697 ], [ 43.974816526807871, 36.327270125924599 ], [ 43.974844261088904, 36.327256433487719 ], [ 43.974871694531934, 36.327242353176757 ], [ 43.974898818780481, 36.327227889280458 ], [ 43.974925625572219, 36.327213046204477 ], [ 43.974952106741561, 36.327197828469927 ], [ 43.974978254222073, 36.327182240712055 ], [ 43.975004060048981, 36.327166287678871 ], [ 43.97502951636158, 36.327149974229535 ], [ 43.975054615405639, 36.327133305333085 ], [ 43.975079349535726, 36.327116286066826 ], [ 43.975103711217606, 36.32709892161472 ], [ 43.975127693030458, 36.327081217265935 ], [ 43.975151287669206, 36.327063178413191 ], [ 43.975174487946681, 36.327044810551001 ], [ 43.975197286795868, 36.327026119274215 ], [ 43.975219677272001, 36.327007110276142 ], [ 43.975241652554729, 36.326987789346838 ], [ 43.975263205950171, 36.326968162371458 ], [ 43.975284330892954, 36.326948235328331 ], [ 43.97530502094822, 36.326928014287176 ], [ 43.975325269813567, 36.32690750540732 ], [ 43.975345071320994, 36.326886714935718 ], [ 43.97536441943879, 36.326865649205139 ], [ 43.975383308273301, 36.326844314632183 ], [ 43.975401732070829, 36.326822717715388 ], [ 43.975419685219308, 36.3268008650331 ], [ 43.97543716225001, 36.326778763241691 ], [ 43.975454157839287, 36.326756419073362 ], [ 43.975470666810104, 36.32673383933416 ], [ 43.975486684133671, 36.326711030901869 ], [ 43.975502204930969, 36.326688000723998 ], [ 43.975517224474196, 36.326664755815536 ], [ 43.975531738188252, 36.326641303256935 ], [ 43.975545741652141, 36.326617650191885 ], [ 43.975559230600247, 36.326593803825162 ], [ 43.975572200923715, 36.326569771420409 ], [ 43.975584648671671, 36.326545560297973 ], [ 43.975596570052396, 36.326521177832653 ], [ 43.97560796143452, 36.326496631451391 ], [ 43.975618819348128, 36.326471928631122 ], [ 43.975629140485793, 36.326447076896422 ], [ 43.975638921703585, 36.326422083817214 ], [ 43.975648160022068, 36.326396957006516 ], [ 43.975656852627154, 36.326371704118067 ], [ 43.975664996870982, 36.326346332844018 ], [ 43.975672590272744, 36.326320850912609 ], [ 43.975679630519416, 36.326295266085751 ], [ 43.975686115466466, 36.326269586156755 ], [ 43.975692043138523, 36.326243818947873 ], [ 43.975697411729961, 36.326217972307987 ], [ 43.975702219605452, 36.326192054110123 ], [ 43.975706465300469, 36.326166072249165 ], [ 43.975710147521731, 36.326140034639401 ], [ 43.975713265147604, 36.326113949212051 ], [ 43.975715817228426, 36.326087823912978 ], [ 43.975717802986807, 36.326061666700149 ], [ 43.975719221817862, 36.326035485541254 ], [ 43.975720073289409, 36.326009288411349 ], [ 43.975720357142087, 36.325983083290282 ], [ 43.975720073289409, 36.325956878160412 ], [ 43.975719221817862, 36.325930681004081 ], [ 43.975717802986807, 36.325904499801176 ], [ 43.975715817228426, 36.325878342526806 ], [ 43.975713265147604, 36.325852217148736 ], [ 43.975710147521731, 36.325826131625043 ], [ 43.975706465300469, 36.325800093901684 ], [ 43.975702219605452, 36.325774111910036 ], [ 43.975697411729961, 36.325748193564564 ], [ 43.975692043138523, 36.325722346760266 ], [ 43.975686115466466, 36.32569657937043 ], [ 43.975679630519416, 36.325670899244152 ], [ 43.975672590272744, 36.325645314203904 ], [ 43.975664996870982, 36.325619832043245 ], [ 43.975656852627154, 36.3255944605244 ], [ 43.975648160022068, 36.325569207375864 ], [ 43.975638921703585, 36.325544080290165 ], [ 43.975629140485793, 36.325519086921339 ], [ 43.975618819348128, 36.325494234882754 ], [ 43.97560796143452, 36.325469531744723 ], [ 43.975596570052396, 36.325444985032185 ], [ 43.975584648671671, 36.325420602222472 ], [ 43.975572200923715, 36.325396390743009 ], [ 43.975559230600247, 36.325372357968959 ], [ 43.975545741652141, 36.325348511221158 ], [ 43.975531738188252, 36.325324857763682 ], [ 43.975517224474196, 36.325301404801827 ], [ 43.975502204930969, 36.325278159479737 ], [ 43.975486684133671, 36.325255128878382 ], [ 43.975470666810104, 36.325232320013278 ], [ 43.975454157839287, 36.325209739832424 ], [ 43.97543716225001, 36.325187395214193 ], [ 43.975419685219308, 36.325165292965153 ], [ 43.975401732070829, 36.325143439818056 ], [ 43.975383308273301, 36.325121842429851 ], [ 43.97536441943879, 36.32510050737946 ], [ 43.975345071320994, 36.325079441166018 ], [ 43.975325269813567, 36.325058650206685 ], [ 43.97530502094822, 36.32503814083482 ], [ 43.975284330892954, 36.325017919298006 ], [ 43.975263205950171, 36.324997991756149 ], [ 43.975241652554729, 36.32497836427958 ], [ 43.975219677272001, 36.324959042847269 ], [ 43.975197286795868, 36.32494003334493 ], [ 43.975174487946681, 36.324921341563289 ], [ 43.975151287669206, 36.324902973196252 ], [ 43.975127693030458, 36.324884933839222 ], [ 43.975103711217606, 36.324867228987422 ], [ 43.975079349535726, 36.324849864034157 ], [ 43.975054615405639, 36.324832844269139 ], [ 43.97502951636158, 36.324816174877036 ], [ 43.975004060048981, 36.324799860935705 ], [ 43.974978254222073, 36.324783907414762 ], [ 43.974952106741561, 36.324768319174026 ], [ 43.974925625572219, 36.324753100962049 ], [ 43.974898818780481, 36.324738257414673 ], [ 43.974871694531934, 36.324723793053558 ], [ 43.974844261088904, 36.324709712284964 ], [ 43.974816526807871, 36.324696019398182 ], [ 43.974788500136974, 36.324682718564461 ], [ 43.974760189613406, 36.324669813835513 ], [ 43.974731603860832, 36.324657309142466 ], [ 43.974702751586733, 36.324645208294548 ], [ 43.974673641579813, 36.324633514978011 ], [ 43.974644282707253, 36.324622232754912 ], [ 43.974614683912037, 36.324611365062118 ], [ 43.974584854210264, 36.324600915210212 ], [ 43.974554802688338, 36.324590886382452 ], [ 43.974524538500248, 36.324581281633925 ], [ 43.974494070864758, 36.324572103890482 ], [ 43.974463409062615, 36.324563355947888 ], [ 43.974432562433684, 36.32455504047099 ], [ 43.97440154037416, 36.32454715999291 ], [ 43.974370352333644, 36.324539716914273 ], [ 43.974339007812333, 36.3245327135024 ], [ 43.974307516358074, 36.324526151890751 ], [ 43.974275887563465, 36.324520034078127 ], [ 43.974244131062932, 36.32451436192823 ], [ 43.974212256529832, 36.324509137168903 ], [ 43.97418027367344, 36.32450436139176 ], [ 43.974148192236044, 36.324500036051667 ], [ 43.974116021989978, 36.324496162466183 ], [ 43.974083772734588, 36.324492741815369 ], [ 43.974051454293324, 36.324489775141181 ], [ 43.9740190765107, 36.324487263347407 ], [ 43.973986649249291, 36.324485207199174 ], [ 43.973954182386755, 36.324483607322861 ], [ 43.973921685812826, 36.324482464205808 ], [ 43.973889169426258, 36.324481778196258 ], [ 43.973856643131867, 36.324481549503183 ], [ 43.973824116837477, 36.324481778196258 ], [ 43.973791600450916, 36.324482464205801 ], [ 43.973759103876986, 36.324483607322847 ], [ 43.973726637014451, 36.324485207199182 ], [ 43.973694209753042, 36.324487263347415 ], [ 43.973661831970411, 36.324489775141195 ], [ 43.973629513529161, 36.324492741815355 ], [ 43.973597264273764, 36.324496162466183 ], [ 43.973565094027698, 36.324500036051667 ], [ 43.973533012590302, 36.32450436139176 ], [ 43.97350102973391, 36.32450913716891 ], [ 43.97346915520081, 36.324514361928223 ], [ 43.97343739870027, 36.324520034078127 ], [ 43.973405769905668, 36.324526151890751 ], [ 43.973374278451409, 36.324532713502414 ], [ 43.973342933930098, 36.324539716914266 ], [ 43.973311745889589, 36.324547159992925 ], [ 43.973280723830058, 36.324555040471004 ], [ 43.973249877201127, 36.32456335594788 ], [ 43.973219215398984, 36.324572103890489 ], [ 43.973188747763494, 36.324581281633925 ], [ 43.973158483575403, 36.32459088638246 ], [ 43.973128432053485, 36.324600915210212 ], [ 43.973098602351698, 36.324611365062111 ], [ 43.973069003556496, 36.324622232754912 ], [ 43.973039644683922, 36.324633514978011 ], [ 43.973010534677002, 36.324645208294541 ], [ 43.972981682402917, 36.324657309142452 ], [ 43.972953096650336, 36.324669813835513 ], [ 43.972924786126761, 36.324682718564439 ], [ 43.972896759455871, 36.324696019398189 ], [ 43.972869025174838, 36.324709712284957 ], [ 43.972841591731807, 36.324723793053558 ], [ 43.972814467483261, 36.324738257414673 ], [ 43.972787660691516, 36.324753100962049 ], [ 43.97276117952218, 36.324768319174026 ], [ 43.972735032041669, 36.324783907414762 ], [ 43.972709226214754, 36.324799860935713 ], [ 43.972683769902154, 36.324816174877036 ], [ 43.972658670858102, 36.324832844269146 ], [ 43.972633936728016, 36.32484986403415 ], [ 43.972609575046135, 36.324867228987422 ], [ 43.972585593233276, 36.324884933839236 ], [ 43.972561998594536, 36.324902973196245 ], [ 43.972538798317061, 36.324921341563289 ], [ 43.972515999467873, 36.324940033344916 ], [ 43.972493608991741, 36.324959042847269 ], [ 43.972471633709013, 36.32497836427958 ], [ 43.972450080313571, 36.324997991756149 ], [ 43.972428955370788, 36.325017919297999 ], [ 43.972408265315522, 36.32503814083482 ], [ 43.972388016450175, 36.325058650206692 ], [ 43.97236821494274, 36.325079441166018 ], [ 43.972348866824952, 36.325100507379467 ], [ 43.972329977990434, 36.325121842429851 ], [ 43.972311554192913, 36.325143439818056 ], [ 43.972293601044434, 36.325165292965146 ], [ 43.972276124013732, 36.325187395214186 ], [ 43.972259128424454, 36.325209739832438 ], [ 43.972242619453638, 36.325232320013264 ], [ 43.972226602130064, 36.325255128878375 ], [ 43.97221108133278, 36.325278159479744 ], [ 43.972196061789546, 36.325301404801813 ], [ 43.97218154807549, 36.32532485776369 ], [ 43.972167544611608, 36.325348511221158 ], [ 43.972154055663495, 36.325372357968959 ], [ 43.972141085340027, 36.325396390743009 ], [ 43.972128637592071, 36.325420602222479 ], [ 43.972116716211353, 36.325444985032192 ], [ 43.972105324829222, 36.325469531744716 ], [ 43.972094466915607, 36.32549423488274 ], [ 43.972084145777949, 36.325519086921339 ], [ 43.97207436456015, 36.325544080290165 ], [ 43.972065126241674, 36.325569207375871 ], [ 43.972056433636588, 36.325594460524393 ], [ 43.97204828939276, 36.325619832043238 ], [ 43.972040695990998, 36.325645314203882 ], [ 43.972033655744333, 36.325670899244152 ], [ 43.972027170797276, 36.32569657937043 ], [ 43.972021243125212, 36.325722346760259 ], [ 43.972015874533788, 36.325748193564571 ], [ 43.97201106665829, 36.325774111910029 ], [ 43.972006820963273, 36.325800093901691 ], [ 43.972003138742011, 36.325826131625043 ], [ 43.972000021116138, 36.325852217148729 ], [ 43.971997469035315, 36.325878342526813 ], [ 43.971995483276942, 36.325904499801183 ], [ 43.971994064445887, 36.325930681004074 ], [ 43.971993212974333, 36.325956878160412 ], [ 43.971992929121654, 36.325983083290282 ], [ 43.971993212974333, 36.326009288411342 ], [ 43.971994064445887, 36.326035485541247 ], [ 43.971995483276942, 36.326061666700149 ], [ 43.971997469035315, 36.326087823912978 ], [ 43.972000021116138, 36.326113949212058 ], [ 43.972003138742011, 36.326140034639401 ], [ 43.972006820963273, 36.32616607224918 ], [ 43.97201106665829, 36.326192054110123 ], [ 43.972015874533788, 36.326217972307973 ], [ 43.972021243125212, 36.32624381894788 ], [ 43.972027170797276, 36.326269586156748 ], [ 43.972033655744333, 36.326295266085751 ], [ 43.972040695990998, 36.326320850912602 ], [ 43.97204828939276, 36.326346332844011 ], [ 43.972056433636588, 36.32637170411806 ], [ 43.972065126241674, 36.326396957006523 ], [ 43.97207436456015, 36.326422083817214 ], [ 43.972084145777949, 36.326447076896429 ], [ 43.972094466915607, 36.326471928631122 ], [ 43.972105324829222, 36.326496631451384 ], [ 43.972116716211353, 36.326521177832646 ], [ 43.972128637592071, 36.32654556029798 ], [ 43.972141085340027, 36.326569771420417 ], [ 43.972154055663495, 36.326593803825155 ], [ 43.972167544611608, 36.326617650191892 ], [ 43.97218154807549, 36.326641303256942 ], [ 43.972196061789546, 36.326664755815528 ], [ 43.97221108133278, 36.326688000723983 ], [ 43.972226602130064, 36.326711030901869 ], [ 43.972242619453638, 36.32673383933416 ], [ 43.972259128424454, 36.326756419073369 ], [ 43.972276124013732, 36.326778763241691 ], [ 43.972293601044434, 36.3268008650331 ], [ 43.972311554192913, 36.326822717715388 ], [ 43.972329977990434, 36.326844314632183 ], [ 43.972348866824952, 36.326865649205146 ], [ 43.97236821494274, 36.326886714935718 ], [ 43.972388016450175, 36.32690750540732 ], [ 43.972408265315522, 36.326928014287169 ], [ 43.972428955370788, 36.326948235328331 ], [ 43.972450080313571, 36.326968162371465 ], [ 43.972471633709013, 36.326987789346838 ], [ 43.972493608991741, 36.327007110276142 ], [ 43.972515999467873, 36.327026119274223 ], [ 43.972538798317061, 36.327044810551001 ], [ 43.972561998594536, 36.327063178413177 ], [ 43.972585593233276, 36.327081217265935 ], [ 43.972609575046135, 36.32709892161472 ], [ 43.972633936728016, 36.327116286066826 ], [ 43.972658670858102, 36.327133305333099 ], [ 43.972683769902154, 36.327149974229535 ], [ 43.972709226214754, 36.327166287678871 ], [ 43.972735032041669, 36.327182240712069 ], [ 43.97276117952218, 36.327197828469927 ], [ 43.972787660691516, 36.327213046204477 ], [ 43.972814467483261, 36.327227889280472 ], [ 43.972841591731807, 36.327242353176757 ], [ 43.972869025174838, 36.327256433487726 ], [ 43.972896759455871, 36.327270125924592 ], [ 43.972924786126761, 36.327283426316697 ], [ 43.972953096650336, 36.32729633061281 ], [ 43.972981682402917, 36.327308834882388 ], [ 43.973010534677002, 36.327320935316678 ], [ 43.973039644683922, 36.327332628229954 ], [ 43.973069003556496, 36.327343910060627 ], [ 43.973098602351698, 36.327354777372342 ], [ 43.973128432053485, 36.327365226854951 ], [ 43.973158483575403, 36.327375255325649 ], [ 43.973188747763494, 36.327384859729811 ], [ 43.973219215398984, 36.327394037141978 ], [ 43.973249877201127, 36.327402784766818 ], [ 43.973280723830058, 36.32741109993983 ], [ 43.973311745889589, 36.327418980128272 ], [ 43.973342933930098, 36.327426422931907 ], [ 43.973374278451409, 36.327433426083715 ], [ 43.973405769905668, 36.327439987450575 ], [ 43.97343739870027, 36.327446105033943 ], [ 43.97346915520081, 36.327451776970456 ], [ 43.97350102973391, 36.32745700153248 ], [ 43.973533012590302, 36.327461777128669 ], [ 43.973565094027698, 36.327466102304371 ], [ 43.973597264273764, 36.327469975742204 ], [ 43.973629513529161, 36.327473396262349 ], [ 43.973661831970411, 36.327476362822935 ], [ 43.973694209753042, 36.327478874520359 ], [ 43.973726637014451, 36.327480930589623 ], [ 43.973759103876986, 36.32748253040441 ], [ 43.973791600450916, 36.327483673477431 ], [ 43.973824116837477, 36.327484359460556 ], [ 43.973856643131867, 36.327484588144827 ] ] ] ] } },
{ "type": "Feature", "properties": { "id": 41 }, "geometry": { "type": "MultiPolygon", "coordinates": [ [ [ [ 43.975178118380015, 36.370452388854048 ], [ 43.975227225507609, 36.370452043784574 ], [ 43.975276317676702, 36.37045100868125 ], [ 43.975325379933331, 36.370449283859365 ], [ 43.975374397332672, 36.37044686984423 ], [ 43.975423354943537, 36.370443767371157 ], [ 43.975472237852976, 36.370439977385097 ], [ 43.975521031170764, 36.370435501040397 ], [ 43.975569720033995, 36.370430339700491 ], [ 43.975618289611575, 36.370424494937453 ], [ 43.975666725108731, 36.370417968531463 ], [ 43.975715011771555, 36.370410762470385 ], [ 43.975763134891437, 36.370402878949058 ], [ 43.975811079809624, 36.370394320368682 ], [ 43.975858831921627, 36.370385089336047 ], [ 43.975906376681699, 36.37037518866277 ], [ 43.975953699607224, 36.370364621364473 ], [ 43.976000786283208, 36.370353390659751 ], [ 43.976047622366572, 36.370341499969307 ], [ 43.976094193590605, 36.370328952914875 ], [ 43.97614048576925, 36.370315753318046 ], [ 43.976186484801467, 36.370301905199284 ], [ 43.976232176675495, 36.37028741277647 ], [ 43.976277547473167, 36.37027228046378 ], [ 43.976322583374085, 36.370256512870291 ], [ 43.976367270659878, 36.370240114798605 ], [ 43.976411595718368, 36.370223091243297 ], [ 43.976455545047713, 36.37020544738953 ], [ 43.976499105260515, 36.370187188611361 ], [ 43.976542263087921, 36.370168320470164 ], [ 43.976585005383633, 36.370148848712901 ], [ 43.976627319127928, 36.370128779270431 ], [ 43.97666919143164, 36.370108118255608 ], [ 43.976710609540064, 36.370086871961561 ], [ 43.976751560836824, 36.370065046859565 ], [ 43.976792032847776, 36.370042649597352 ], [ 43.976832013244746, 36.370019686996805 ], [ 43.976871489849323, 36.369996166052076 ], [ 43.976910450636538, 36.369972093927352 ], [ 43.976948883738572, 36.369947477954739 ], [ 43.97698677744831, 36.369922325632004 ], [ 43.977024120222993, 36.369896644620233 ], [ 43.977060900687633, 36.369870442741629 ], [ 43.977097107638528, 36.369843727976999 ], [ 43.977132730046712, 36.369816508463408 ], [ 43.977167757061252, 36.369788792491626 ], [ 43.977202178012575, 36.369760588503709 ], [ 43.977235982415721, 36.369731905090326 ], [ 43.977269159973545, 36.369702750988218 ], [ 43.977301700579851, 36.369673135077448 ], [ 43.977333594322452, 36.369643066378814 ], [ 43.977364831486184, 36.369612554051017 ], [ 43.977395402555935, 36.369581607387858 ], [ 43.97742529821943, 36.36955023581551 ], [ 43.97745450937019, 36.369518448889558 ], [ 43.977483027110196, 36.369486256292056 ], [ 43.977510842752679, 36.369453667828736 ], [ 43.977537947824729, 36.369420693425823 ], [ 43.977564334069861, 36.369387343127201 ], [ 43.977589993450579, 36.369353627091186 ], [ 43.977614918150785, 36.369319555587545 ], [ 43.977639100578173, 36.369285138994336 ], [ 43.977662533366541, 36.369250387794722 ], [ 43.977685209378045, 36.36921531257385 ], [ 43.977707121705343, 36.369179924015491 ], [ 43.977728263673733, 36.36914423289894 ], [ 43.977748628843152, 36.369108250095671 ], [ 43.977768211010186, 36.369071986565977 ], [ 43.977787004209915, 36.3690354533557 ], [ 43.977805002717751, 36.368998661592833 ], [ 43.977822201051161, 36.368961622484157 ], [ 43.977838593971384, 36.368924347311783 ], [ 43.977854176484975, 36.368886847429771 ], [ 43.97786894384533, 36.368849134260607 ], [ 43.977882891554195, 36.368811219291814 ], [ 43.97789601536293, 36.368773114072383 ], [ 43.977908311273929, 36.368734830209227 ], [ 43.977919775541729, 36.368696379363747 ], [ 43.97793040467419, 36.368657773248188 ], [ 43.97794019543359, 36.368619023622159 ], [ 43.977949144837559, 36.368580142288913 ], [ 43.977957250160024, 36.368541141091924 ], [ 43.977964508932033, 36.368502031911177 ], [ 43.977970918942482, 36.368462826659531 ], [ 43.977976478238816, 36.36842353727917 ], [ 43.977981185127646, 36.368384175737859 ], [ 43.977985038175177, 36.368344754025451 ], [ 43.977988036207762, 36.368305284150075 ], [ 43.977990178312147, 36.368265778134585 ], [ 43.977991463835835, 36.368226248012839 ], [ 43.977991892387244, 36.368186705826069 ], [ 43.977991463835835, 36.368147163619213 ], [ 43.977990178312147, 36.368107633437191 ], [ 43.977988036207762, 36.368068127321344 ], [ 43.977985038175177, 36.368028657305636 ], [ 43.977981185127646, 36.367989235413091 ], [ 43.977976478238816, 36.367949873652066 ], [ 43.977970918942482, 36.367910584012684 ], [ 43.977964508932033, 36.367871378463008 ], [ 43.977957250160024, 36.367832268945584 ], [ 43.977949144837559, 36.36779326737372 ], [ 43.97794019543359, 36.367754385627833 ], [ 43.97793040467419, 36.367715635551868 ], [ 43.977919775541729, 36.367677028949657 ], [ 43.977908311273929, 36.36763857758141 ], [ 43.97789601536293, 36.367600293159988 ], [ 43.977882891554195, 36.367562187347502 ], [ 43.97786894384533, 36.367524271751563 ], [ 43.977854176484975, 36.367486557921943 ], [ 43.977838593971384, 36.367449057346924 ], [ 43.977822201051161, 36.367411781449889 ], [ 43.977805002717751, 36.367374741585778 ], [ 43.977787004209915, 36.367337949037598 ], [ 43.977768211010186, 36.367301415013074 ], [ 43.977748628843152, 36.367265150641231 ], [ 43.977728263673733, 36.367229166968919 ], [ 43.977707121705343, 36.367193474957517 ], [ 43.977685209378045, 36.367158085479538 ], [ 43.977662533366541, 36.367123009315399 ], [ 43.977639100578173, 36.367088257150058 ], [ 43.977614918150785, 36.367053839569834 ], [ 43.977589993450579, 36.36701976705907 ], [ 43.977564334069861, 36.366986049997067 ], [ 43.977537947824729, 36.366952698654835 ], [ 43.977510842752679, 36.366919723191991 ], [ 43.977483027110196, 36.366887133653641 ], [ 43.97745450937019, 36.366854939967389 ], [ 43.97742529821943, 36.366823151940231 ], [ 43.977395402555935, 36.366791779255635 ], [ 43.977364831486184, 36.366760831470515 ], [ 43.977333594322452, 36.366730318012372 ], [ 43.977301700579851, 36.366700248176421 ], [ 43.977269159973545, 36.366670631122751 ], [ 43.977235982415721, 36.366641475873521 ], [ 43.977202178012575, 36.366612791310224 ], [ 43.977167757061252, 36.36658458617098 ], [ 43.977132730046712, 36.366556869047898 ], [ 43.977097107638528, 36.366529648384379 ], [ 43.977060900687633, 36.366502932472628 ], [ 43.977024120222993, 36.366476729451108 ], [ 43.97698677744831, 36.366451047302036 ], [ 43.976948883738572, 36.366425893848962 ], [ 43.976910450636538, 36.366401276754374 ], [ 43.976871489849323, 36.366377203517395 ], [ 43.976832013244746, 36.36635368147148 ], [ 43.976792032847776, 36.366330717782176 ], [ 43.976751560836824, 36.366308319444933 ], [ 43.976710609540064, 36.366286493283006 ], [ 43.97666919143164, 36.366265245945335 ], [ 43.976627319127928, 36.366244583904525 ], [ 43.976585005383633, 36.366224513454931 ], [ 43.976542263087921, 36.366205040710661 ], [ 43.976499105260515, 36.366186171603744 ], [ 43.976455545047713, 36.366167911882307 ], [ 43.976411595718368, 36.366150267108928 ], [ 43.976367270659878, 36.366133242658748 ], [ 43.976322583374085, 36.366116843718018 ], [ 43.976277547473167, 36.366101075282387 ], [ 43.976232176675495, 36.366085942155472 ], [ 43.976186484801467, 36.366071448947316 ], [ 43.97614048576925, 36.366057600073098 ], [ 43.976094193590605, 36.366044399751637 ], [ 43.976047622366572, 36.36603185200422 ], [ 43.976000786283208, 36.366019960653311 ], [ 43.975953699607224, 36.366008729321415 ], [ 43.975906376681699, 36.365998161430056 ], [ 43.975858831921627, 36.36598826019852 ], [ 43.975811079809624, 36.365979028643117 ], [ 43.975763134891437, 36.365970469576105 ], [ 43.975715011771555, 36.365962585604848 ], [ 43.975666725108731, 36.365955379131123 ], [ 43.975618289611575, 36.36594885235025 ], [ 43.975569720033995, 36.36594300725055 ], [ 43.975521031170764, 36.365937845612599 ], [ 43.975472237852976, 36.3659333690089 ], [ 43.975423354943537, 36.365929578803105 ], [ 43.975374397332672, 36.365926476149895 ], [ 43.975325379933331, 36.365924061994455 ], [ 43.975276317676702, 36.365922337072192 ], [ 43.975227225507609, 36.3659213019086 ], [ 43.975178118380015, 36.365920956819018 ], [ 43.975129011252413, 36.3659213019086 ], [ 43.975079919083321, 36.365922337072192 ], [ 43.975030856826699, 36.365924061994441 ], [ 43.974981839427357, 36.365926476149902 ], [ 43.974932881816486, 36.365929578803105 ], [ 43.974883998907053, 36.3659333690089 ], [ 43.974835205589258, 36.365937845612599 ], [ 43.97478651672602, 36.365943007250543 ], [ 43.974737947148441, 36.36594885235025 ], [ 43.974689511651285, 36.365955379131123 ], [ 43.974641224988474, 36.365962585604855 ], [ 43.974593101868592, 36.365970469576105 ], [ 43.974545156950398, 36.365979028643117 ], [ 43.974497404838395, 36.365988260198542 ], [ 43.974449860078323, 36.365998161430056 ], [ 43.974402537152791, 36.366008729321422 ], [ 43.974355450476814, 36.366019960653304 ], [ 43.974308614393451, 36.36603185200422 ], [ 43.974262043169418, 36.366044399751644 ], [ 43.974215750990773, 36.36605760007312 ], [ 43.974169751958556, 36.366071448947324 ], [ 43.97412406008452, 36.366085942155472 ], [ 43.974078689286848, 36.366101075282387 ], [ 43.974033653385931, 36.366116843718011 ], [ 43.973988966100144, 36.366133242658748 ], [ 43.973944641041662, 36.366150267108928 ], [ 43.973900691712316, 36.3661679118823 ], [ 43.973857131499507, 36.366186171603744 ], [ 43.973813973672108, 36.366205040710661 ], [ 43.973771231376396, 36.366224513454945 ], [ 43.973728917632094, 36.366244583904539 ], [ 43.973687045328383, 36.366265245945335 ], [ 43.973645627219959, 36.366286493283006 ], [ 43.973604675923198, 36.366308319444947 ], [ 43.97356420391224, 36.366330717782162 ], [ 43.973524223515284, 36.366353681471466 ], [ 43.9734847469107, 36.366377203517388 ], [ 43.973445786123492, 36.366401276754374 ], [ 43.973407353021457, 36.366425893848955 ], [ 43.973369459311705, 36.366451047302029 ], [ 43.973332116537023, 36.366476729451115 ], [ 43.973295336072397, 36.366502932472635 ], [ 43.973259129121494, 36.366529648384379 ], [ 43.97322350671331, 36.366556869047898 ], [ 43.97318847969877, 36.366584586170994 ], [ 43.973154058747447, 36.366612791310224 ], [ 43.973120254344302, 36.366641475873514 ], [ 43.973087076786477, 36.366670631122751 ], [ 43.973054536180172, 36.366700248176421 ], [ 43.973022642437577, 36.366730318012372 ], [ 43.972991405273845, 36.366760831470515 ], [ 43.972960834204095, 36.366791779255642 ], [ 43.972930938540593, 36.366823151940238 ], [ 43.972901727389839, 36.366854939967396 ], [ 43.972873209649826, 36.366887133653648 ], [ 43.972845394007336, 36.366919723191984 ], [ 43.972818288935294, 36.366952698654835 ], [ 43.972791902690169, 36.366986049997074 ], [ 43.972766243309444, 36.367019767059084 ], [ 43.972741318609238, 36.367053839569842 ], [ 43.972717136181856, 36.367088257150058 ], [ 43.972693703393475, 36.367123009315385 ], [ 43.972671027381985, 36.367158085479531 ], [ 43.972649115054679, 36.367193474957503 ], [ 43.972627973086297, 36.367229166968912 ], [ 43.972607607916878, 36.367265150641224 ], [ 43.972588025749836, 36.367301415013081 ], [ 43.9725692325501, 36.367337949037598 ], [ 43.972551234042271, 36.36737474158577 ], [ 43.972534035708861, 36.367411781449903 ], [ 43.972517642788645, 36.367449057346931 ], [ 43.972502060275055, 36.367486557921943 ], [ 43.9724872929147, 36.36752427175157 ], [ 43.972473345205827, 36.367562187347502 ], [ 43.972460221397093, 36.367600293159988 ], [ 43.972447925486087, 36.367638577581417 ], [ 43.972436461218294, 36.367677028949664 ], [ 43.972425832085833, 36.367715635551853 ], [ 43.972416041326433, 36.367754385627833 ], [ 43.97240709192247, 36.367793267373727 ], [ 43.972398986599998, 36.367832268945584 ], [ 43.972391727827997, 36.367871378463001 ], [ 43.97238531781754, 36.36791058401267 ], [ 43.972379758521207, 36.367949873652073 ], [ 43.972375051632376, 36.367989235413098 ], [ 43.972371198584845, 36.368028657305643 ], [ 43.97236820055226, 36.368068127321351 ], [ 43.972366058447875, 36.368107633437198 ], [ 43.972364772924188, 36.368147163619206 ], [ 43.972364344372778, 36.368186705826076 ], [ 43.972364772924188, 36.368226248012824 ], [ 43.972366058447875, 36.368265778134585 ], [ 43.97236820055226, 36.368305284150075 ], [ 43.972371198584845, 36.368344754025451 ], [ 43.972375051632376, 36.368384175737859 ], [ 43.972379758521207, 36.36842353727917 ], [ 43.97238531781754, 36.368462826659531 ], [ 43.972391727827997, 36.36850203191117 ], [ 43.972398986599998, 36.368541141091931 ], [ 43.97240709192247, 36.36858014228892 ], [ 43.972416041326433, 36.368619023622152 ], [ 43.972425832085833, 36.368657773248195 ], [ 43.972436461218294, 36.36869637936374 ], [ 43.972447925486087, 36.368734830209227 ], [ 43.972460221397093, 36.368773114072376 ], [ 43.972473345205827, 36.368811219291821 ], [ 43.9724872929147, 36.368849134260621 ], [ 43.972502060275055, 36.368886847429778 ], [ 43.972517642788645, 36.368924347311783 ], [ 43.972534035708861, 36.368961622484157 ], [ 43.972551234042271, 36.368998661592826 ], [ 43.9725692325501, 36.369035453355693 ], [ 43.972588025749836, 36.369071986565963 ], [ 43.972607607916878, 36.369108250095678 ], [ 43.972627973086297, 36.369144232898947 ], [ 43.972649115054679, 36.369179924015491 ], [ 43.972671027381985, 36.36921531257385 ], [ 43.972693703393475, 36.369250387794729 ], [ 43.972717136181856, 36.369285138994336 ], [ 43.972741318609238, 36.369319555587545 ], [ 43.972766243309444, 36.369353627091179 ], [ 43.972791902690169, 36.369387343127194 ], [ 43.972818288935294, 36.369420693425823 ], [ 43.972845394007336, 36.369453667828736 ], [ 43.972873209649826, 36.369486256292049 ], [ 43.972901727389839, 36.369518448889544 ], [ 43.972930938540593, 36.369550235815517 ], [ 43.972960834204095, 36.369581607387865 ], [ 43.972991405273845, 36.36961255405101 ], [ 43.973022642437577, 36.369643066378806 ], [ 43.973054536180172, 36.369673135077448 ], [ 43.973087076786477, 36.36970275098821 ], [ 43.973120254344302, 36.369731905090333 ], [ 43.973154058747447, 36.369760588503709 ], [ 43.97318847969877, 36.369788792491612 ], [ 43.97322350671331, 36.369816508463416 ], [ 43.973259129121494, 36.369843727976999 ], [ 43.973295336072397, 36.369870442741622 ], [ 43.973332116537023, 36.369896644620241 ], [ 43.973369459311705, 36.369922325632004 ], [ 43.973407353021457, 36.369947477954739 ], [ 43.973445786123492, 36.369972093927359 ], [ 43.9734847469107, 36.369996166052069 ], [ 43.973524223515284, 36.370019686996812 ], [ 43.973564203912254, 36.370042649597359 ], [ 43.973604675923198, 36.370065046859565 ], [ 43.973645627219959, 36.370086871961554 ], [ 43.973687045328383, 36.370108118255615 ], [ 43.973728917632094, 36.370128779270431 ], [ 43.973771231376396, 36.370148848712901 ], [ 43.973813973672108, 36.37016832047015 ], [ 43.973857131499507, 36.370187188611368 ], [ 43.973900691712316, 36.370205447389523 ], [ 43.973944641041662, 36.370223091243297 ], [ 43.973988966100144, 36.370240114798605 ], [ 43.974033653385931, 36.370256512870306 ], [ 43.974078689286848, 36.370272280463773 ], [ 43.97412406008452, 36.370287412776463 ], [ 43.974169751958556, 36.370301905199284 ], [ 43.974215750990773, 36.370315753318053 ], [ 43.974262043169418, 36.370328952914861 ], [ 43.974308614393451, 36.370341499969307 ], [ 43.974355450476814, 36.370353390659744 ], [ 43.974402537152791, 36.370364621364473 ], [ 43.974449860078323, 36.370375188662777 ], [ 43.974497404838395, 36.370385089336047 ], [ 43.974545156950398, 36.370394320368682 ], [ 43.974593101868592, 36.370402878949058 ], [ 43.974641224988474, 36.370410762470399 ], [ 43.974689511651285, 36.370417968531463 ], [ 43.974737947148441, 36.370424494937446 ], [ 43.97478651672602, 36.370430339700498 ], [ 43.974835205589258, 36.370435501040397 ], [ 43.974883998907053, 36.370439977385089 ], [ 43.974932881816486, 36.370443767371164 ], [ 43.974981839427357, 36.37044686984423 ], [ 43.975030856826699, 36.370449283859351 ], [ 43.975079919083321, 36.37045100868125 ], [ 43.975129011252413, 36.370452043784582 ], [ 43.975178118380015, 36.370452388854048 ] ] ] ] } },
{ "type": "Feature", "properties": { "id": 52 }, "geometry": { "type": "MultiPolygon", "coordinates": [ [ [ [ 44.044414966509315, 36.365030141057886 ], [ 44.044463447412433, 36.365029800365051 ], [ 44.044511913547801, 36.365028778390368 ], [ 44.04456035015216, 36.365027075445091 ], [ 44.044608742471254, 36.365024692047918 ], [ 44.044657075764313, 36.365021628924787 ], [ 44.044705335308549, 36.365017887008662 ], [ 44.044753506403637, 36.365013467439283 ], [ 44.04480157437618, 36.365008371562773 ], [ 44.044849524584244, 36.365002600931277 ], [ 44.044897342421692, 36.364996157302393 ], [ 44.044945013322774, 36.364989042638776 ], [ 44.044992522766449, 36.364981259107431 ], [ 44.045039856280908, 36.364972809079106 ], [ 44.045086999447882, 36.364963695127514 ], [ 44.045133937907117, 36.364953920028633 ], [ 44.045180657360689, 36.364943486759827 ], [ 44.045227143577421, 36.364932398498901 ], [ 44.045273382397149, 36.364920658623141 ], [ 44.045319359735075, 36.364908270708355 ], [ 44.045365061586075, 36.364895238527701 ], [ 44.045410474028891, 36.364881566050599 ], [ 44.045455583230485, 36.364867257441468 ], [ 44.045500375450146, 36.364852317058499 ], [ 44.045544837043728, 36.36483674945233 ], [ 44.045588954467803, 36.364820559364631 ], [ 44.045632714283776, 36.364803751726654 ], [ 44.045676103161973, 36.364786331657754 ], [ 44.045719107885724, 36.364768304463894 ], [ 44.04576171535539, 36.364749675635871 ], [ 44.045803912592305, 36.364730450847802 ], [ 44.045845686742794, 36.364710635955291 ], [ 44.045887025082031, 36.364690236993702 ], [ 44.04592791501797, 36.364669260176285 ], [ 44.045968344095137, 36.364647711892324 ], [ 44.046008299998441, 36.364625598705182 ], [ 44.046047770556932, 36.364602927350262 ], [ 44.046086743747502, 36.364579704732975 ], [ 44.046125207698516, 36.364555937926689 ], [ 44.046163150693502, 36.364531634170476 ], [ 44.046200561174643, 36.364506800867041 ], [ 44.046237427746362, 36.364481445580331 ], [ 44.046273739178737, 36.364455576033279 ], [ 44.046309484410941, 36.364429200105512 ], [ 44.046344652554644, 36.364402325830881 ], [ 44.046379232897287, 36.364374961395036 ], [ 44.04641321490535, 36.364347115132944 ], [ 44.046446588227596, 36.364318795526316 ], [ 44.046479342698191, 36.364290011201071 ], [ 44.046511468339794, 36.364260770924702 ], [ 44.04654295536664, 36.364231083603549 ], [ 44.046573794187466, 36.364200958280179 ], [ 44.046603975408459, 36.364170404130519 ], [ 44.046633489836147, 36.364139430461172 ], [ 44.046662328480124, 36.364108046706527 ], [ 44.046690482555896, 36.364076262425904 ], [ 44.046717943487415, 36.364044087300591 ], [ 44.046744702909848, 36.364011531130977 ], [ 44.046770752671996, 36.363978603833516 ], [ 44.046796084838867, 36.363945315437704 ], [ 44.04682069169403, 36.36391167608307 ], [ 44.046844565741985, 36.363877696016033 ], [ 44.046867699710489, 36.363843385586826 ], [ 44.046890086552686, 36.363808755246268 ], [ 44.046911719449355, 36.3637738155427 ], [ 44.046932591810886, 36.363738577118696 ], [ 44.046952697279359, 36.363703050707791 ], [ 44.046972029730462, 36.363667247131325 ], [ 44.046990583275331, 36.363631177295026 ], [ 44.047008352262388, 36.363594852185742 ], [ 44.047025331279016, 36.363558282868119 ], [ 44.047041515153261, 36.363521480481161 ], [ 44.047056898955333, 36.363484456234936 ], [ 44.047071477999189, 36.363447221407085 ], [ 44.04708524784391, 36.363409787339364 ], [ 44.047098204295075, 36.363372165434328 ], [ 44.047110343406018, 36.363334367151658 ], [ 44.047121661479046, 36.363296404004871 ], [ 44.047132155066564, 36.363258287557635 ], [ 44.047141820972122, 36.363220029420404 ], [ 44.047150656251404, 36.363181641246776 ], [ 44.047158658213078, 36.363143134729967 ], [ 44.047165824419686, 36.363104521599254 ], [ 44.047172152688326, 36.363065813616444 ], [ 44.047177641091352, 36.363027022572226 ], [ 44.047182287956936, 36.362988160282598 ], [ 44.047186091869584, 36.362949238585315 ], [ 44.047189051670614, 36.362910269336211 ], [ 44.04719116645844, 36.362871264405619 ], [ 44.047192435588862, 36.362832235674801 ], [ 44.047192858675295, 36.362793195032275 ], [ 44.047192435588862, 36.362754154370137 ], [ 44.04719116645844, 36.362715125580579 ], [ 44.047189051670614, 36.362676120552173 ], [ 44.047186091869584, 36.362637151166311 ], [ 44.047182287956936, 36.362598229293461 ], [ 44.047177641091352, 36.362559366789711 ], [ 44.047172152688326, 36.362520575493022 ], [ 44.047165824419686, 36.362481867219763 ], [ 44.047158658213078, 36.362443253760944 ], [ 44.047150656251404, 36.362404746878774 ], [ 44.047141820972122, 36.362366358302957 ], [ 44.047132155066564, 36.362328099727222 ], [ 44.047121661479046, 36.36228998280572 ], [ 44.047110343406018, 36.362252019149437 ], [ 44.047098204295075, 36.362214220322691 ], [ 44.04708524784391, 36.36217659783965 ], [ 44.047071477999189, 36.36213916316072 ], [ 44.047056898955333, 36.362101927689153 ], [ 44.047041515153261, 36.362064902767557 ], [ 44.047025331279016, 36.362028099674362 ], [ 44.047008352262388, 36.361991529620468 ], [ 44.046990583275331, 36.361955203745801 ], [ 44.046972029730462, 36.361919133115968 ], [ 44.046952697279359, 36.361883328718733 ], [ 44.046932591810886, 36.361847801460868 ], [ 44.046911719449355, 36.361812562164715 ], [ 44.046890086552686, 36.361777621564876 ], [ 44.046867699710489, 36.361742990305025 ], [ 44.046844565741985, 36.361708678934619 ], [ 44.04682069169403, 36.361674697905634 ], [ 44.046796084838867, 36.36164105756945 ], [ 44.046770752671996, 36.361607768173734 ], [ 44.046744702909848, 36.361574839859159 ], [ 44.046717943487415, 36.361542282656508 ], [ 44.046690482555896, 36.3615101064835 ], [ 44.046662328480124, 36.361478321141767 ], [ 44.046633489836147, 36.361446936313911 ], [ 44.046603975408459, 36.361415961560553 ], [ 44.046573794187466, 36.36138540631741 ], [ 44.04654295536664, 36.361355279892408 ], [ 44.046511468339794, 36.361325591462823 ], [ 44.046479342698191, 36.361296350072564 ], [ 44.046446588227596, 36.361267564629358 ], [ 44.04641321490535, 36.361239243902027 ], [ 44.046379232897287, 36.361211396517845 ], [ 44.046344652554644, 36.361184030959919 ], [ 44.046309484410941, 36.361157155564584 ], [ 44.046273739178737, 36.361130778518856 ], [ 44.046237427746362, 36.3611049078579 ], [ 44.046200561174643, 36.361079551462751 ], [ 44.046163150693502, 36.361054717057691 ], [ 44.046125207698516, 36.361030412208024 ], [ 44.046086743747502, 36.361006644317719 ], [ 44.046047770556932, 36.360983420627228 ], [ 44.046008299998441, 36.360960748211198 ], [ 44.045968344095137, 36.360938633976339 ], [ 44.04592791501797, 36.360917084659363 ], [ 44.045887025082031, 36.360896106824832 ], [ 44.045845686742794, 36.360875706863318 ], [ 44.045803912592305, 36.360855890989278 ], [ 44.04576171535539, 36.360836665239233 ], [ 44.045719107885724, 36.360818035470025 ], [ 44.045676103161973, 36.360800007356865 ], [ 44.045632714283776, 36.360782586391721 ], [ 44.045588954467803, 36.360765777881582 ], [ 44.045544837043728, 36.360749586946923 ], [ 44.045500375450146, 36.360734018519977 ], [ 44.045455583230485, 36.360719077343475 ], [ 44.045410474028891, 36.360704767968969 ], [ 44.045365061586075, 36.360691094755595 ], [ 44.045319359735075, 36.360678061868697 ], [ 44.045273382397149, 36.360665673278525 ], [ 44.045227143577421, 36.360653932759071 ], [ 44.045180657360689, 36.360642843886929 ], [ 44.045133937907117, 36.360632410040111 ], [ 44.045086999447882, 36.360622634397174 ], [ 44.045039856280908, 36.360613519936081 ], [ 44.044992522766449, 36.360605069433468 ], [ 44.044945013322774, 36.360597285463626 ], [ 44.044897342421692, 36.360590170397828 ], [ 44.044849524584244, 36.36058372640359 ], [ 44.04480157437618, 36.360577955443972 ], [ 44.044753506403637, 36.360572859276999 ], [ 44.044705335308549, 36.360568439455186 ], [ 44.044657075764313, 36.360564697324925 ], [ 44.044608742471254, 36.360561634026233 ], [ 44.04456035015216, 36.360559250492294 ], [ 44.044511913547801, 36.360557547449197 ], [ 44.044463447412433, 36.360556525415767 ], [ 44.044414966509315, 36.36055618470337 ], [ 44.044366485606204, 36.360556525415774 ], [ 44.044318019470836, 36.360557547449197 ], [ 44.04426958286647, 36.360559250492294 ], [ 44.044221190547383, 36.360561634026226 ], [ 44.044172857254324, 36.360564697324925 ], [ 44.044124597710088, 36.360568439455186 ], [ 44.044076426615, 36.360572859277006 ], [ 44.04402835864245, 36.360577955443965 ], [ 44.0439804084344, 36.360583726403583 ], [ 44.043932590596945, 36.36059017039782 ], [ 44.04388491969587, 36.360597285463633 ], [ 44.043837410252181, 36.360605069433461 ], [ 44.043790076737736, 36.360613519936088 ], [ 44.043742933570755, 36.36062263439716 ], [ 44.043695995111527, 36.360632410040111 ], [ 44.043649275657948, 36.360642843886914 ], [ 44.043602789441209, 36.360653932759071 ], [ 44.043556550621496, 36.360665673278525 ], [ 44.043510573283562, 36.360678061868697 ], [ 44.043464871432569, 36.360691094755609 ], [ 44.043419458989746, 36.360704767968961 ], [ 44.043374349788152, 36.360719077343468 ], [ 44.043329557568491, 36.36073401851997 ], [ 44.043285095974902, 36.360749586946923 ], [ 44.043240978550834, 36.360765777881596 ], [ 44.043197218734868, 36.360782586391707 ], [ 44.043153829856664, 36.360800007356858 ], [ 44.043110825132906, 36.360818035470025 ], [ 44.043068217663247, 36.360836665239241 ], [ 44.043026020426332, 36.360855890989271 ], [ 44.042984246275843, 36.360875706863318 ], [ 44.042942907936613, 36.360896106824839 ], [ 44.04290201800066, 36.360917084659356 ], [ 44.0428615889235, 36.360938633976346 ], [ 44.042821633020196, 36.360960748211191 ], [ 44.042782162461705, 36.360983420627228 ], [ 44.042743189271143, 36.361006644317712 ], [ 44.042704725320121, 36.361030412208017 ], [ 44.042666782325135, 36.361054717057691 ], [ 44.042629371843987, 36.361079551462758 ], [ 44.042592505272268, 36.361104907857914 ], [ 44.042556193839907, 36.361130778518863 ], [ 44.042520448607704, 36.361157155564584 ], [ 44.042485280464, 36.361184030959926 ], [ 44.042450700121357, 36.361211396517859 ], [ 44.04241671811328, 36.36123924390202 ], [ 44.042383344791034, 36.361267564629365 ], [ 44.042350590320439, 36.361296350072571 ], [ 44.042318464678836, 36.361325591462816 ], [ 44.04228697765199, 36.361355279892408 ], [ 44.042256138831164, 36.361385406317424 ], [ 44.042225957610171, 36.36141596156056 ], [ 44.04219644318249, 36.361446936313904 ], [ 44.042167604538506, 36.36147832114176 ], [ 44.042139450462749, 36.361510106483486 ], [ 44.042111989531215, 36.361542282656508 ], [ 44.042085230108789, 36.361574839859166 ], [ 44.042059180346641, 36.361607768173727 ], [ 44.04203384817977, 36.361641057569457 ], [ 44.042009241324614, 36.361674697905634 ], [ 44.041985367276652, 36.361708678934626 ], [ 44.041962233308148, 36.361742990305032 ], [ 44.041939846465944, 36.361777621564876 ], [ 44.041918213569282, 36.361812562164708 ], [ 44.041897341207751, 36.361847801460861 ], [ 44.041877235739278, 36.361883328718726 ], [ 44.041857903288168, 36.361919133115961 ], [ 44.041839349743306, 36.361955203745801 ], [ 44.041821580756249, 36.361991529620461 ], [ 44.041804601739614, 36.362028099674347 ], [ 44.041788417865376, 36.362064902767557 ], [ 44.041773034063304, 36.36210192768916 ], [ 44.041758455019455, 36.36213916316072 ], [ 44.041744685174727, 36.36217659783965 ], [ 44.041731728723562, 36.362214220322699 ], [ 44.041719589612626, 36.362252019149437 ], [ 44.041708271539598, 36.362289982805713 ], [ 44.041697777952074, 36.362328099727229 ], [ 44.041688112046515, 36.362366358302957 ], [ 44.04167927676724, 36.362404746878774 ], [ 44.041671274805559, 36.362443253760944 ], [ 44.041664108598958, 36.362481867219756 ], [ 44.041657780330311, 36.362520575493043 ], [ 44.041652291927292, 36.362559366789704 ], [ 44.041647645061708, 36.362598229293468 ], [ 44.041643841149046, 36.362637151166304 ], [ 44.041640881348016, 36.36267612055218 ], [ 44.041638766560197, 36.362715125580586 ], [ 44.041637497429775, 36.36275415437013 ], [ 44.041637074343349, 36.362793195032275 ], [ 44.041637497429775, 36.362832235674816 ], [ 44.041638766560197, 36.362871264405634 ], [ 44.041640881348016, 36.362910269336211 ], [ 44.041643841149046, 36.362949238585315 ], [ 44.041647645061708, 36.362988160282605 ], [ 44.041652291927292, 36.363027022572226 ], [ 44.041657780330311, 36.363065813616437 ], [ 44.041664108598958, 36.363104521599261 ], [ 44.041671274805559, 36.36314313472996 ], [ 44.04167927676724, 36.363181641246769 ], [ 44.041688112046515, 36.363220029420411 ], [ 44.041697777952074, 36.363258287557628 ], [ 44.041708271539598, 36.363296404004856 ], [ 44.041719589612626, 36.363334367151666 ], [ 44.041731728723562, 36.363372165434335 ], [ 44.041744685174727, 36.363409787339371 ], [ 44.041758455019455, 36.363447221407085 ], [ 44.041773034063304, 36.36348445623495 ], [ 44.041788417865376, 36.363521480481168 ], [ 44.041804601739614, 36.363558282868112 ], [ 44.041821580756249, 36.363594852185742 ], [ 44.041839349743306, 36.363631177295034 ], [ 44.041857903288168, 36.363667247131332 ], [ 44.041877235739278, 36.363703050707798 ], [ 44.041897341207751, 36.363738577118703 ], [ 44.041918213569282, 36.3637738155427 ], [ 44.041939846465944, 36.363808755246268 ], [ 44.041962233308148, 36.363843385586819 ], [ 44.041985367276652, 36.363877696016033 ], [ 44.042009241324614, 36.363911676083063 ], [ 44.04203384817977, 36.363945315437697 ], [ 44.042059180346641, 36.363978603833509 ], [ 44.042085230108789, 36.364011531130977 ], [ 44.042111989531215, 36.364044087300591 ], [ 44.042139450462749, 36.364076262425904 ], [ 44.042167604538506, 36.364108046706519 ], [ 44.04219644318249, 36.364139430461179 ], [ 44.042225957610171, 36.364170404130519 ], [ 44.042256138831164, 36.364200958280172 ], [ 44.04228697765199, 36.364231083603549 ], [ 44.042318464678836, 36.364260770924695 ], [ 44.042350590320439, 36.364290011201078 ], [ 44.042383344791034, 36.364318795526316 ], [ 44.04241671811328, 36.364347115132936 ], [ 44.042450700121357, 36.364374961395029 ], [ 44.042485280464, 36.364402325830874 ], [ 44.042520448607704, 36.364429200105505 ], [ 44.042556193839907, 36.364455576033279 ], [ 44.042592505272268, 36.364481445580317 ], [ 44.042629371843987, 36.364506800867048 ], [ 44.042666782325135, 36.364531634170497 ], [ 44.042704725320121, 36.364555937926681 ], [ 44.042743189271143, 36.364579704732982 ], [ 44.042782162461705, 36.364602927350262 ], [ 44.042821633020196, 36.364625598705189 ], [ 44.0428615889235, 36.364647711892331 ], [ 44.04290201800066, 36.364669260176285 ], [ 44.042942907936613, 36.364690236993695 ], [ 44.042984246275843, 36.364710635955291 ], [ 44.043026020426339, 36.364730450847794 ], [ 44.043068217663247, 36.364749675635878 ], [ 44.043110825132906, 36.364768304463894 ], [ 44.043153829856664, 36.364786331657754 ], [ 44.043197218734868, 36.36480375172664 ], [ 44.043240978550834, 36.364820559364624 ], [ 44.043285095974909, 36.364836749452337 ], [ 44.043329557568491, 36.364852317058499 ], [ 44.043374349788152, 36.364867257441468 ], [ 44.043419458989746, 36.364881566050606 ], [ 44.043464871432569, 36.364895238527694 ], [ 44.043510573283562, 36.364908270708355 ], [ 44.043556550621496, 36.364920658623141 ], [ 44.043602789441209, 36.364932398498901 ], [ 44.043649275657948, 36.364943486759827 ], [ 44.043695995111527, 36.364953920028633 ], [ 44.043742933570755, 36.364963695127507 ], [ 44.043790076737736, 36.364972809079099 ], [ 44.043837410252181, 36.364981259107438 ], [ 44.04388491969587, 36.364989042638783 ], [ 44.043932590596945, 36.3649961573024 ], [ 44.0439804084344, 36.365002600931277 ], [ 44.04402835864245, 36.365008371562766 ], [ 44.044076426615, 36.365013467439283 ], [ 44.044124597710088, 36.365017887008669 ], [ 44.044172857254324, 36.365021628924779 ], [ 44.044221190547383, 36.365024692047903 ], [ 44.04426958286647, 36.365027075445084 ], [ 44.044318019470836, 36.365028778390368 ], [ 44.044366485606204, 36.365029800365065 ], [ 44.044414966509315, 36.365030141057886 ] ] ] ] } },
{ "type": "Feature", "properties": { "id": 79 }, "geometry": { "type": "MultiPolygon", "coordinates": [ [ [ [ 43.983499070636498, 36.417332944490894 ], [ 43.983549227867009, 36.417332592254986 ], [ 43.983599369819139, 36.417331535654533 ], [ 43.983649481219167, 36.41732977501136 ], [ 43.983699546802676, 36.417327310861737 ], [ 43.983749551319193, 36.417324143956186 ], [ 43.983799479536884, 36.417320275259286 ], [ 43.98384931624711, 36.417315705949406 ], [ 43.983899046269116, 36.417310437418259 ], [ 43.983948654454686, 36.41730447127054 ], [ 43.983998125692665, 36.417297809323436 ], [ 43.984047444913628, 36.4172904536061 ], [ 43.984096597094478, 36.4172824063589 ], [ 43.984145567262999, 36.417273670032927 ], [ 43.98419434050237, 36.417264247289104 ], [ 43.984242901955803, 36.417254140997471 ], [ 43.984291236831012, 36.417243354236184 ], [ 43.984339330404723, 36.417231890290758 ], [ 43.984387168027176, 36.41721975265289 ], [ 43.984434735126563, 36.417206945019522 ], [ 43.984482017213466, 36.417193471291675 ], [ 43.984528999885327, 36.417179335573181 ], [ 43.984575668830772, 36.417164542169616 ], [ 43.984622009833963, 36.417149095586765 ], [ 43.984668008779011, 36.417133000529439 ], [ 43.984713651654168, 36.417116261899963 ], [ 43.984758924556182, 36.417098884796665 ], [ 43.984803813694484, 36.417080874512337 ], [ 43.984848305395417, 36.417062236532637 ], [ 43.984892386106374, 36.417042976534461 ], [ 43.98493604239993, 36.417023100384107 ], [ 43.98497926097798, 36.41700261413559 ], [ 43.985022028675701, 36.416981524028735 ], [ 43.985064332465655, 36.416959836487273 ], [ 43.985106159461701, 36.416937558116963 ], [ 43.985147496922913, 36.416914695703518 ], [ 43.985188332257515, 36.416891256210533 ], [ 43.98522865302666, 36.416867246777379 ], [ 43.985268446948254, 36.416842674717024 ], [ 43.98530770190068, 36.416817547513858 ], [ 43.985346405926506, 36.4167918728213 ], [ 43.985384547236109, 36.416765658459603 ], [ 43.985422114211275, 36.416738912413358 ], [ 43.985459095408736, 36.416711642829114 ], [ 43.985495479563667, 36.416683858012924 ], [ 43.985531255593095, 36.416655566427757 ], [ 43.985566412599297, 36.416626776690933 ], [ 43.985600939873123, 36.41659749757158 ], [ 43.985634826897204, 36.416567737987833 ], [ 43.985668063349245, 36.416537507004165 ], [ 43.98570063910509, 36.416506813828747 ], [ 43.985732544241863, 36.416475667810431 ], [ 43.985763769040929, 36.416444078436058 ], [ 43.985794303990929, 36.416412055327562 ], [ 43.985824139790608, 36.416379608238891 ], [ 43.985853267351708, 36.416346747053282 ], [ 43.985881677801679, 36.416313481780016 ], [ 43.985909362486424, 36.41627982255153 ], [ 43.985936312972918, 36.416245779620226 ], [ 43.985962521051796, 36.41621136335543 ], [ 43.985987978739814, 36.416176584240169 ], [ 43.9860126782823, 36.416141452868018 ], [ 43.986036612155559, 36.416105979939857 ], [ 43.986059773069087, 36.416070176260625 ], [ 43.986082153967843, 36.416034052736023 ], [ 43.986103748034402, 36.415997620369211 ], [ 43.986124548690988, 36.415960890257374 ], [ 43.986144549601526, 36.415923873588483 ], [ 43.986163744673547, 36.415886581637736 ], [ 43.986182128060037, 36.415849025764246 ], [ 43.986199694161257, 36.415811217407544 ], [ 43.986216437626375, 36.415773168084044 ], [ 43.986232353355192, 36.415734889383586 ], [ 43.98624743649961, 36.415696392965906 ], [ 43.986261682465162, 36.415657690557076 ], [ 43.9862750869124, 36.415618793945939 ], [ 43.986287645758175, 36.415579714980467 ], [ 43.986299355176961, 36.415540465564256 ], [ 43.986310211601953, 36.415501057652769 ], [ 43.986320211726159, 36.415461503249851 ], [ 43.986329352503475, 36.415421814403906 ], [ 43.986337631149517, 36.415382003204371 ], [ 43.986345045142521, 36.415342081777922 ], [ 43.986351592224125, 36.415302062284887 ], [ 43.986357270400021, 36.415261956915394 ], [ 43.986362077940584, 36.415221777885847 ], [ 43.986366013381385, 36.41518153743506 ], [ 43.986369075523641, 36.415141247820543 ], [ 43.98637126343462, 36.415100921314881 ], [ 43.986372576447842, 36.415060570201845 ], [ 43.98637301416337, 36.415020206772745 ], [ 43.986372576447842, 36.414979843322676 ], [ 43.98637126343462, 36.414939492146743 ], [ 43.986369075523641, 36.414899165536312 ], [ 43.986366013381385, 36.414858875775337 ], [ 43.986362077940584, 36.41481863513652 ], [ 43.986357270400021, 36.414778455877652 ], [ 43.986351592224125, 36.414738350237805 ], [ 43.986345045142521, 36.41469833043368 ], [ 43.986337631149517, 36.414658408655839 ], [ 43.986329352503475, 36.414618597065015 ], [ 43.986320211726159, 36.414578907788361 ], [ 43.986310211601953, 36.414539352915838 ], [ 43.986299355176961, 36.414499944496427 ], [ 43.986287645758175, 36.414460694534576 ], [ 43.9862750869124, 36.414421614986423 ], [ 43.986261682465162, 36.414382717756261 ], [ 43.98624743649961, 36.414344014692844 ], [ 43.986232353355192, 36.414305517585809 ], [ 43.986216437626375, 36.41426723816204 ], [ 43.986199694161257, 36.414229188082167 ], [ 43.986182128060037, 36.414191378936962 ], [ 43.986163744673547, 36.414153822243797 ], [ 43.986144549601526, 36.414116529443213 ], [ 43.986124548690988, 36.414079511895309 ], [ 43.986103748034402, 36.4140427808764 ], [ 43.986082153967843, 36.414006347575544 ], [ 43.986059773069087, 36.413970223091106 ], [ 43.986036612155559, 36.41393441842736 ], [ 43.9860126782823, 36.413898944491201 ], [ 43.985987978739814, 36.41386381208887 ], [ 43.985962521051796, 36.413829031922397 ], [ 43.985936312972918, 36.41379461458672 ], [ 43.985909362486424, 36.413760570566154 ], [ 43.985881677801679, 36.413726910231318 ], [ 43.985853267351708, 36.413693643836034 ], [ 43.985824139790608, 36.413660781514018 ], [ 43.985794303990929, 36.413628333276016 ], [ 43.985763769040929, 36.413596309006572 ], [ 43.985732544241863, 36.413564718461132 ], [ 43.98570063910509, 36.413533571263024 ], [ 43.985668063349245, 36.413502876900509 ], [ 43.985634826897204, 36.413472644723939 ], [ 43.985600939873123, 36.413442883942885 ], [ 43.985566412599297, 36.413413603623276 ], [ 43.985531255593095, 36.413384812684789 ], [ 43.985495479563667, 36.413356519897924 ], [ 43.985459095408736, 36.413328733881507 ], [ 43.985422114211275, 36.413301463099963 ], [ 43.985384547236109, 36.413274715860808 ], [ 43.985346405926506, 36.413248500312029 ], [ 43.98530770190068, 36.413222824439679 ], [ 43.985268446948254, 36.413197696065446 ], [ 43.98522865302666, 36.413173122844171 ], [ 43.985188332257515, 36.41314911226165 ], [ 43.985147496922913, 36.413125671632265 ], [ 43.985106159461701, 36.41310280809676 ], [ 43.985064332465655, 36.413080528620135 ], [ 43.985022028675701, 36.413058839989411 ], [ 43.98497926097798, 36.413037748811668 ], [ 43.984936042399937, 36.413017261511939 ], [ 43.984892386106374, 36.412997384331405 ], [ 43.984848305395417, 36.412978123325246 ], [ 43.984803813694484, 36.412959484361039 ], [ 43.984758924556182, 36.412941473116859 ], [ 43.984713651654168, 36.412924095079497 ], [ 43.984668008779011, 36.412907355542956 ], [ 43.984622009833963, 36.412891259606639 ], [ 43.984575668830772, 36.412875812173951 ], [ 43.984528999885327, 36.412861017950689 ], [ 43.984482017213466, 36.412846881443706 ], [ 43.984434735126563, 36.412833406959479 ], [ 43.984387168027176, 36.412820598602821 ], [ 43.984339330404723, 36.412808460275585 ], [ 43.984291236831012, 36.412796995675571 ], [ 43.984242901955803, 36.412786208295266 ], [ 43.98419434050237, 36.412776101420945 ], [ 43.984145567262999, 36.412766678131504 ], [ 43.984096597094478, 36.412757941297585 ], [ 43.984047444913628, 36.412749893580788 ], [ 43.983998125692665, 36.41274253743272 ], [ 43.983948654454686, 36.412735875094327 ], [ 43.983899046269116, 36.41272990859521 ], [ 43.98384931624711, 36.412724639752994 ], [ 43.983799479536884, 36.412720070172746 ], [ 43.983749551319193, 36.412716201246511 ], [ 43.983699546802676, 36.412713034152958 ], [ 43.983649481219167, 36.41271056985687 ], [ 43.983599369819139, 36.412708809108935 ], [ 43.983549227867009, 36.412707752445591 ], [ 43.983499070636498, 36.412707400188694 ], [ 43.983448913405987, 36.412707752445584 ], [ 43.983398771453864, 36.412708809108949 ], [ 43.983348660053835, 36.41271056985687 ], [ 43.983298594470327, 36.412713034152972 ], [ 43.983248589953803, 36.412716201246518 ], [ 43.983198661736118, 36.412720070172746 ], [ 43.983148825025893, 36.412724639752994 ], [ 43.983099095003887, 36.412729908595217 ], [ 43.983049486818324, 36.412735875094327 ], [ 43.983000015580338, 36.412742537432713 ], [ 43.982950696359367, 36.412749893580781 ], [ 43.982901544178517, 36.412757941297585 ], [ 43.982852574010003, 36.412766678131497 ], [ 43.982803800770633, 36.412776101420953 ], [ 43.9827552393172, 36.412786208295273 ], [ 43.98270690444199, 36.412796995675571 ], [ 43.982658810868273, 36.412808460275592 ], [ 43.982610973245819, 36.412820598602821 ], [ 43.982563406146447, 36.412833406959464 ], [ 43.982516124059522, 36.412846881443706 ], [ 43.982469141387668, 36.412861017950675 ], [ 43.982422472442231, 36.412875812173951 ], [ 43.982376131439032, 36.412891259606631 ], [ 43.982330132493992, 36.412907355542949 ], [ 43.982284489618827, 36.412924095079497 ], [ 43.98223921671682, 36.412941473116852 ], [ 43.982194327578512, 36.412959484361046 ], [ 43.982149835877586, 36.412978123325246 ], [ 43.982105755166629, 36.412997384331398 ], [ 43.982062098873058, 36.413017261511953 ], [ 43.982018880295023, 36.413037748811661 ], [ 43.981976112597302, 36.413058839989404 ], [ 43.981933808807341, 36.413080528620142 ], [ 43.981891981811302, 36.413102808096767 ], [ 43.981850644350089, 36.413125671632265 ], [ 43.981809809015488, 36.41314911226165 ], [ 43.981769488246343, 36.413173122844164 ], [ 43.981729694324748, 36.413197696065438 ], [ 43.981690439372315, 36.413222824439679 ], [ 43.981651735346496, 36.413248500312029 ], [ 43.981613594036894, 36.413274715860794 ], [ 43.981576027061728, 36.413301463099963 ], [ 43.981539045864267, 36.413328733881507 ], [ 43.981502661709335, 36.413356519897924 ], [ 43.9814668856799, 36.413384812684782 ], [ 43.981431728673705, 36.413413603623283 ], [ 43.981397201399879, 36.413442883942878 ], [ 43.981363314375798, 36.413472644723946 ], [ 43.981330077923751, 36.413502876900516 ], [ 43.981297502167905, 36.413533571263024 ], [ 43.981265597031147, 36.413564718461132 ], [ 43.981234372232073, 36.413596309006572 ], [ 43.981203837282074, 36.413628333276002 ], [ 43.981174001482394, 36.413660781514004 ], [ 43.981144873921295, 36.413693643836027 ], [ 43.981116463471324, 36.413726910231325 ], [ 43.981088778786578, 36.413760570566147 ], [ 43.981061828300078, 36.413794614586728 ], [ 43.981035620221206, 36.413829031922404 ], [ 43.981010162533195, 36.41386381208887 ], [ 43.980985462990702, 36.413898944491201 ], [ 43.980961529117444, 36.413934418427353 ], [ 43.980938368203908, 36.413970223091091 ], [ 43.980915987305153, 36.414006347575537 ], [ 43.9808943932386, 36.4140427808764 ], [ 43.980873592582014, 36.414079511895309 ], [ 43.980853591671476, 36.414116529443199 ], [ 43.980834396599455, 36.41415382224379 ], [ 43.980816013212959, 36.414191378936962 ], [ 43.980798447111745, 36.414229188082167 ], [ 43.98078170364662, 36.414267238162047 ], [ 43.980765787917811, 36.414305517585809 ], [ 43.980750704773385, 36.414344014692851 ], [ 43.980736458807833, 36.414382717756268 ], [ 43.980723054360595, 36.414421614986416 ], [ 43.98071049551482, 36.414460694534576 ], [ 43.980698786096042, 36.414499944496413 ], [ 43.980687929671049, 36.414539352915838 ], [ 43.980677929546836, 36.414578907788368 ], [ 43.98066878876952, 36.414618597065022 ], [ 43.980660510123478, 36.414658408655839 ], [ 43.980653096130474, 36.41469833043368 ], [ 43.98064654904887, 36.414738350237812 ], [ 43.980640870872982, 36.414778455877645 ], [ 43.980636063332419, 36.41481863513652 ], [ 43.980632127891617, 36.414858875775337 ], [ 43.980629065749355, 36.414899165536319 ], [ 43.980626877838382, 36.41493949214675 ], [ 43.980625564825154, 36.414979843322676 ], [ 43.98062512710964, 36.415020206772752 ], [ 43.980625564825154, 36.415060570201845 ], [ 43.980626877838382, 36.415100921314874 ], [ 43.980629065749355, 36.415141247820543 ], [ 43.980632127891617, 36.41518153743506 ], [ 43.980636063332419, 36.41522177788584 ], [ 43.980640870872982, 36.415261956915394 ], [ 43.98064654904887, 36.415302062284887 ], [ 43.980653096130474, 36.415342081777922 ], [ 43.980660510123478, 36.415382003204364 ], [ 43.98066878876952, 36.415421814403913 ], [ 43.980677929546836, 36.415461503249851 ], [ 43.980687929671049, 36.415501057652769 ], [ 43.980698786096042, 36.415540465564249 ], [ 43.98071049551482, 36.415579714980467 ], [ 43.980723054360595, 36.415618793945931 ], [ 43.980736458807833, 36.415657690557076 ], [ 43.980750704773385, 36.415696392965899 ], [ 43.980765787917811, 36.415734889383579 ], [ 43.98078170364662, 36.41577316808403 ], [ 43.980798447111745, 36.415811217407544 ], [ 43.980816013212959, 36.415849025764253 ], [ 43.980834396599455, 36.415886581637729 ], [ 43.980853591671476, 36.41592387358849 ], [ 43.980873592582014, 36.415960890257374 ], [ 43.9808943932386, 36.415997620369211 ], [ 43.980915987305153, 36.41603405273603 ], [ 43.980938368203908, 36.416070176260625 ], [ 43.980961529117444, 36.41610597993985 ], [ 43.980985462990702, 36.416141452868018 ], [ 43.981010162533195, 36.416176584240169 ], [ 43.981035620221206, 36.416211363355437 ], [ 43.981061828300078, 36.416245779620233 ], [ 43.981088778786578, 36.41627982255153 ], [ 43.981116463471324, 36.416313481780023 ], [ 43.981144873921295, 36.416346747053289 ], [ 43.981174001482394, 36.416379608238898 ], [ 43.981203837282074, 36.416412055327562 ], [ 43.981234372232073, 36.416444078436065 ], [ 43.981265597031147, 36.416475667810438 ], [ 43.981297502167905, 36.416506813828747 ], [ 43.981330077923751, 36.416537507004179 ], [ 43.981363314375798, 36.416567737987833 ], [ 43.981397201399879, 36.416597497571587 ], [ 43.981431728673705, 36.416626776690947 ], [ 43.9814668856799, 36.416655566427757 ], [ 43.981502661709335, 36.416683858012917 ], [ 43.981539045864267, 36.416711642829121 ], [ 43.981576027061728, 36.416738912413351 ], [ 43.981613594036894, 36.416765658459603 ], [ 43.981651735346496, 36.416791872821307 ], [ 43.981690439372315, 36.416817547513851 ], [ 43.981729694324748, 36.416842674717024 ], [ 43.981769488246343, 36.416867246777372 ], [ 43.981809809015488, 36.416891256210533 ], [ 43.981850644350089, 36.416914695703525 ], [ 43.981891981811302, 36.416937558116963 ], [ 43.981933808807341, 36.416959836487273 ], [ 43.981976112597302, 36.416981524028721 ], [ 43.982018880295023, 36.417002614135598 ], [ 43.982062098873072, 36.417023100384114 ], [ 43.982105755166629, 36.417042976534468 ], [ 43.982149835877586, 36.417062236532637 ], [ 43.982194327578512, 36.417080874512337 ], [ 43.98223921671682, 36.417098884796665 ], [ 43.982284489618827, 36.41711626189997 ], [ 43.982330132493992, 36.417133000529439 ], [ 43.982376131439032, 36.417149095586765 ], [ 43.982422472442231, 36.417164542169608 ], [ 43.982469141387668, 36.417179335573181 ], [ 43.982516124059536, 36.417193471291682 ], [ 43.982563406146447, 36.417206945019537 ], [ 43.982610973245819, 36.41721975265289 ], [ 43.982658810868273, 36.417231890290736 ], [ 43.98270690444199, 36.417243354236177 ], [ 43.9827552393172, 36.417254140997471 ], [ 43.982803800770633, 36.417264247289111 ], [ 43.982852574010003, 36.41727367003292 ], [ 43.982901544178517, 36.417282406358893 ], [ 43.982950696359367, 36.417290453606078 ], [ 43.983000015580338, 36.417297809323443 ], [ 43.983049486818324, 36.41730447127054 ], [ 43.983099095003887, 36.417310437418259 ], [ 43.983148825025893, 36.417315705949413 ], [ 43.983198661736118, 36.417320275259286 ], [ 43.983248589953803, 36.417324143956193 ], [ 43.983298594470327, 36.417327310861729 ], [ 43.983348660053835, 36.417329775011368 ], [ 43.983398771453864, 36.41733153565454 ], [ 43.983448913405987, 36.417332592254986 ], [ 43.983499070636498, 36.417332944490894 ] ] ] ] } },
{ "type": "Feature", "properties": { "id": 85 }, "geometry": { "type": "MultiPolygon", "coordinates": [ [ [ [ 44.028156515085108, 36.365513665665617 ], [ 44.028210085099865, 36.36551328921211 ], [ 44.028263638796659, 36.365512159966258 ], [ 44.028317159862546, 36.365510278271984 ], [ 44.02837063199447, 36.365507644702461 ], [ 44.028424038904305, 36.365504260059801 ], [ 44.02847736432382, 36.365500125374879 ], [ 44.028530592009524, 36.365495241907063 ], [ 44.028583705747771, 36.365489611143765 ], [ 44.028636689359622, 36.365483234799989 ], [ 44.028689526705726, 36.365476114817866 ], [ 44.028742201691323, 36.365468253365997 ], [ 44.028794698271113, 36.365459652838865 ], [ 44.028847000454121, 36.365450315855988 ], [ 44.028899092308599, 36.36544024526124 ], [ 44.028950957966856, 36.365429444121979 ], [ 44.029002581630117, 36.365417915727981 ], [ 44.02905394757331, 36.365405663590622 ], [ 44.029105040149879, 36.365392691441649 ], [ 44.029155843796524, 36.365379003232157 ], [ 44.029206343037963, 36.36536460313134 ], [ 44.029256522491629, 36.36534949552523 ], [ 44.02930636687239, 36.365333685015294 ], [ 44.029355860997157, 36.365317176417157 ], [ 44.029404989789548, 36.365299974759083 ], [ 44.029453738284445, 36.365282085280391 ], [ 44.02950209163258, 36.365263513429895 ], [ 44.029550035105075, 36.365244264864295 ], [ 44.029597554097869, 36.365224345446386 ], [ 44.029644634136211, 36.365203761243301 ], [ 44.02969126087909, 36.365182518524669 ], [ 44.029737420123524, 36.365160623760673 ], [ 44.029783097808966, 36.365138083620145 ], [ 44.029828280021569, 36.365114904968472 ], [ 44.029872952998367, 36.365091094865505 ], [ 44.029917103131545, 36.365066660563485 ], [ 44.029960716972546, 36.365041609504736 ], [ 44.030003781236189, 36.365015949319464 ], [ 44.030046282804655, 36.364989687823396 ], [ 44.03008820873157, 36.364962833015454 ], [ 44.030129546245888, 36.364935393075257 ], [ 44.030170282755805, 36.364907376360684 ], [ 44.030210405852571, 36.364878791405239 ], [ 44.030249903314321, 36.364849646915573 ], [ 44.030288763109738, 36.364819951768766 ], [ 44.030326973401749, 36.364789715009607 ], [ 44.030364522551132, 36.364758945847868 ], [ 44.030401399120052, 36.364727653655549 ], [ 44.030437591875547, 36.364695847963901 ], [ 44.030473089792956, 36.364663538460633 ], [ 44.030507882059268, 36.364630734986903 ], [ 44.030541958076419, 36.364597447534337 ], [ 44.030575307464524, 36.364563686242036 ], [ 44.030607920065052, 36.36452946139336 ], [ 44.030639785943862, 36.364494783412979 ], [ 44.030670895394323, 36.36445966286351 ], [ 44.030701238940168, 36.364424110442407 ], [ 44.030730807338493, 36.364388136978739 ], [ 44.030759591582445, 36.364351753429759 ], [ 44.03078758290409, 36.3643149708777 ], [ 44.030814772776985, 36.364277800526303 ], [ 44.030841152918846, 36.364240253697503 ], [ 44.030866715293996, 36.364202341827884 ], [ 44.030891452115924, 36.364164076465222 ], [ 44.03091535584953, 36.364125469265012 ], [ 44.03093841921352, 36.364086531986906 ], [ 44.030960635182559, 36.364047276491043 ], [ 44.03098199698946, 36.364007714734605 ], [ 44.031002498127194, 36.363967858768007 ], [ 44.031022132350934, 36.363927720731304 ], [ 44.031040893679879, 36.363887312850522 ], [ 44.031058776399171, 36.363846647433888 ], [ 44.031075775061559, 36.363805736868059 ], [ 44.031091884489065, 36.363764593614455 ], [ 44.031107099774623, 36.363723230205302 ], [ 44.031121416283504, 36.363681659240015 ], [ 44.031134829654746, 36.363639893381134 ], [ 44.03114733580253, 36.363597945350648 ], [ 44.03115893091735, 36.363555827926078 ], [ 44.03116961146722, 36.363513553936521 ], [ 44.031179374198736, 36.363471136258781 ], [ 44.031188216138091, 36.36342858781353 ], [ 44.031196134591937, 36.363385921561147 ], [ 44.031203127148238, 36.363343150498061 ], [ 44.031209191676986, 36.363300287652571 ], [ 44.031214326330868, 36.363257346080971 ], [ 44.031218529545839, 36.363214338863585 ], [ 44.031221800041521, 36.36317127910069 ], [ 44.031224136821734, 36.363128179908664 ], [ 44.031225539174635, 36.363085054415876 ], [ 44.031226006673073, 36.363041915758721 ], [ 44.031225539174635, 36.362998777077671 ], [ 44.031224136821734, 36.362955651513161 ], [ 44.031221800041521, 36.362912552201728 ], [ 44.031218529545839, 36.362869492271841 ], [ 44.031214326330868, 36.362826484840092 ], [ 44.031209191676986, 36.362783543007055 ], [ 44.031203127148238, 36.362740679853324 ], [ 44.031196134591937, 36.362697908435614 ], [ 44.031188216138091, 36.362655241782626 ], [ 44.031179374198736, 36.362612692891233 ], [ 44.03116961146722, 36.362570274722472 ], [ 44.03115893091735, 36.362528000197521 ], [ 44.03114733580253, 36.362485882193866 ], [ 44.031134829654746, 36.362443933541329 ], [ 44.031121416283504, 36.362402167018153 ], [ 44.031107099774623, 36.362360595347127 ], [ 44.031091884489065, 36.362319231191698 ], [ 44.031075775061559, 36.362278087152163 ], [ 44.031058776399171, 36.362237175761727 ], [ 44.031040893679879, 36.362196509482771 ], [ 44.031022132350934, 36.362156100703046 ], [ 44.031002498127194, 36.362115961731867 ], [ 44.03098199698946, 36.362076104796351 ], [ 44.030960635182559, 36.362036542037792 ], [ 44.03093841921352, 36.361997285507826 ], [ 44.03091535584953, 36.361958347164844 ], [ 44.030891452115924, 36.36191973887032 ], [ 44.030866715293996, 36.361881472385242 ], [ 44.030841152918846, 36.361843559366456 ], [ 44.030814772776985, 36.361806011363129 ], [ 44.03078758290409, 36.361768839813344 ], [ 44.030759591582445, 36.361732056040402 ], [ 44.030730807338493, 36.361695671249571 ], [ 44.030701238940168, 36.361659696524576 ], [ 44.030670895394323, 36.36162414282429 ], [ 44.030639785943862, 36.361589020979231 ], [ 44.030607920065052, 36.361554341688482 ], [ 44.030575307464524, 36.361520115516306 ], [ 44.030541958076419, 36.361486352888882 ], [ 44.030507882059268, 36.361453064091286 ], [ 44.030473089792956, 36.361420259264186 ], [ 44.030437591875547, 36.361387948400917 ], [ 44.030401399120052, 36.361356141344253 ], [ 44.030364522551132, 36.361324847783571 ], [ 44.030326973401749, 36.361294077251834 ], [ 44.030288763109738, 36.361263839122671 ], [ 44.030249903314321, 36.361234142607508 ], [ 44.030210405852571, 36.361204996752825 ], [ 44.030170282755805, 36.361176410437373 ], [ 44.030129546245888, 36.361148392369429 ], [ 44.03008820873157, 36.361120951084182 ], [ 44.030046282804655, 36.361094094941151 ], [ 44.030003781236189, 36.361067832121549 ], [ 44.029960716972546, 36.361042170625929 ], [ 44.029917103131545, 36.361017118271604 ], [ 44.029872952998367, 36.360992682690366 ], [ 44.029828280021569, 36.360968871326108 ], [ 44.029783097808966, 36.360945691432576 ], [ 44.029737420123524, 36.360923150071166 ], [ 44.02969126087909, 36.360901254108768 ], [ 44.029644634136211, 36.360880010215595 ], [ 44.029597554097869, 36.360859424863364 ], [ 44.029550035105075, 36.360839504323032 ], [ 44.02950209163258, 36.360820254663103 ], [ 44.029453738284445, 36.360801681747766 ], [ 44.029404989789548, 36.360783791234944 ], [ 44.029355860997157, 36.360766588574734 ], [ 44.02930636687239, 36.360750079007715 ], [ 44.029256522491629, 36.360734267563295 ], [ 44.029206343037963, 36.360719159058235 ], [ 44.029155843796524, 36.360704758095103 ], [ 44.029105040149879, 36.360691069060998 ], [ 44.02905394757331, 36.360678096126108 ], [ 44.029002581630117, 36.360665843242444 ], [ 44.028950957966856, 36.360654314142735 ], [ 44.028899092308599, 36.360643512339159 ], [ 44.028847000454121, 36.36063344112236 ], [ 44.028794698271113, 36.360624103560404 ], [ 44.028742201691323, 36.360615502497865 ], [ 44.028689526705726, 36.360607640554967 ], [ 44.028636689359622, 36.360600520126752 ], [ 44.028583705747771, 36.360594143382365 ], [ 44.028530592009524, 36.360588512264421 ], [ 44.02847736432382, 36.360583628488371 ], [ 44.028424038904305, 36.360579493542012 ], [ 44.02837063199447, 36.360576108684967 ], [ 44.028317159862546, 36.360573474948453 ], [ 44.028263638796659, 36.360571593134772 ], [ 44.028210085099865, 36.360570463817211 ], [ 44.028156515085108, 36.360570087339795 ], [ 44.028102945070358, 36.360570463817204 ], [ 44.028049391373557, 36.360571593134772 ], [ 44.027995870307677, 36.360573474948453 ], [ 44.027942398175739, 36.360576108684974 ], [ 44.027888991265904, 36.360579493542012 ], [ 44.027835665846403, 36.360583628488371 ], [ 44.027782438160692, 36.360588512264407 ], [ 44.027729324422438, 36.360594143382365 ], [ 44.027676340810601, 36.360600520126745 ], [ 44.02762350346449, 36.360607640554974 ], [ 44.027570828478893, 36.360615502497858 ], [ 44.027518331899103, 36.360624103560404 ], [ 44.027466029716095, 36.36063344112236 ], [ 44.027413937861617, 36.360643512339152 ], [ 44.02736207220336, 36.360654314142735 ], [ 44.027310448540099, 36.360665843242444 ], [ 44.027259082596906, 36.360678096126101 ], [ 44.027207990020337, 36.360691069061005 ], [ 44.027157186373692, 36.360704758095103 ], [ 44.027106687132253, 36.360719159058235 ], [ 44.02705650767858, 36.360734267563302 ], [ 44.027006663297826, 36.360750079007715 ], [ 44.026957169173052, 36.360766588574748 ], [ 44.026908040380675, 36.360783791234944 ], [ 44.026859291885778, 36.360801681747766 ], [ 44.026810938537636, 36.360820254663103 ], [ 44.026762995065141, 36.360839504323025 ], [ 44.026715476072347, 36.360859424863364 ], [ 44.026668396033998, 36.36088001021561 ], [ 44.026621769291125, 36.360901254108775 ], [ 44.026575610046692, 36.360923150071166 ], [ 44.02652993236125, 36.360945691432576 ], [ 44.026484750148647, 36.360968871326108 ], [ 44.026440077171848, 36.360992682690366 ], [ 44.026395927038671, 36.361017118271604 ], [ 44.02635231319767, 36.361042170625929 ], [ 44.026309248934027, 36.361067832121549 ], [ 44.026266747365561, 36.361094094941151 ], [ 44.026224821438646, 36.361120951084189 ], [ 44.026183483924328, 36.361148392369429 ], [ 44.026142747414411, 36.36117641043738 ], [ 44.026102624317637, 36.361204996752825 ], [ 44.026063126855888, 36.361234142607501 ], [ 44.026024267060478, 36.361263839122664 ], [ 44.025986056768467, 36.361294077251834 ], [ 44.025948507619084, 36.361324847783578 ], [ 44.025911631050164, 36.361356141344253 ], [ 44.025875438294669, 36.361387948400903 ], [ 44.025839940377253, 36.361420259264193 ], [ 44.02580514811094, 36.361453064091272 ], [ 44.025771072093796, 36.361486352888882 ], [ 44.025737722705692, 36.361520115516306 ], [ 44.025705110105164, 36.361554341688489 ], [ 44.025673244226354, 36.361589020979231 ], [ 44.025642134775893, 36.361624142824276 ], [ 44.025611791230048, 36.36165969652459 ], [ 44.025582222831723, 36.361695671249578 ], [ 44.025553438587764, 36.361732056040395 ], [ 44.025525447266126, 36.361768839813337 ], [ 44.025498257393231, 36.361806011363136 ], [ 44.02547187725137, 36.361843559366456 ], [ 44.025446314876213, 36.361881472385242 ], [ 44.025421578054285, 36.361919738870327 ], [ 44.025397674320686, 36.361958347164844 ], [ 44.025374610956689, 36.361997285507819 ], [ 44.025352394987657, 36.362036542037792 ], [ 44.025331033180755, 36.362076104796358 ], [ 44.025310532043022, 36.362115961731867 ], [ 44.025290897819282, 36.362156100703046 ], [ 44.025272136490337, 36.362196509482779 ], [ 44.025254253771038, 36.362237175761734 ], [ 44.025237255108657, 36.362278087152156 ], [ 44.025221145681144, 36.362319231191698 ], [ 44.025205930395593, 36.362360595347134 ], [ 44.025191613886719, 36.362402167018153 ], [ 44.025178200515469, 36.362443933541321 ], [ 44.025165694367686, 36.362485882193859 ], [ 44.025154099252866, 36.362528000197521 ], [ 44.025143418702996, 36.362570274722472 ], [ 44.02513365597148, 36.362612692891247 ], [ 44.025124814032125, 36.362655241782626 ], [ 44.025116895578279, 36.362697908435607 ], [ 44.025109903021978, 36.362740679853339 ], [ 44.02510383849323, 36.362783543007048 ], [ 44.02509870383934, 36.362826484840106 ], [ 44.025094500624377, 36.362869492271841 ], [ 44.025091230128687, 36.362912552201728 ], [ 44.025088893348482, 36.362955651513168 ], [ 44.025087490995581, 36.362998777077671 ], [ 44.02508702349715, 36.363041915758735 ], [ 44.025087490995581, 36.363085054415869 ], [ 44.025088893348482, 36.363128179908671 ], [ 44.025091230128687, 36.363171279100698 ], [ 44.025094500624377, 36.363214338863571 ], [ 44.02509870383934, 36.363257346080971 ], [ 44.02510383849323, 36.363300287652571 ], [ 44.025109903021978, 36.363343150498061 ], [ 44.025116895578279, 36.363385921561147 ], [ 44.025124814032125, 36.363428587813516 ], [ 44.02513365597148, 36.363471136258795 ], [ 44.025143418702996, 36.363513553936521 ], [ 44.025154099252866, 36.363555827926078 ], [ 44.025165694367686, 36.363597945350648 ], [ 44.025178200515469, 36.363639893381112 ], [ 44.025191613886719, 36.363681659240008 ], [ 44.025205930395593, 36.363723230205295 ], [ 44.025221145681144, 36.363764593614455 ], [ 44.025237255108657, 36.363805736868059 ], [ 44.025254253771038, 36.363846647433888 ], [ 44.025272136490337, 36.36388731285053 ], [ 44.025290897819282, 36.363927720731304 ], [ 44.025310532043022, 36.363967858768007 ], [ 44.025331033180755, 36.364007714734612 ], [ 44.025352394987657, 36.364047276491057 ], [ 44.025374610956689, 36.364086531986906 ], [ 44.025397674320686, 36.364125469265012 ], [ 44.025421578054285, 36.364164076465215 ], [ 44.025446314876213, 36.364202341827877 ], [ 44.02547187725137, 36.364240253697503 ], [ 44.025498257393231, 36.36427780052631 ], [ 44.025525447266126, 36.3643149708777 ], [ 44.025553438587764, 36.364351753429759 ], [ 44.025582222831723, 36.364388136978739 ], [ 44.025611791230048, 36.364424110442407 ], [ 44.025642134775893, 36.364459662863503 ], [ 44.025673244226354, 36.364494783412979 ], [ 44.025705110105164, 36.36452946139336 ], [ 44.025737722705692, 36.364563686242043 ], [ 44.025771072093796, 36.364597447534337 ], [ 44.02580514811094, 36.36463073498691 ], [ 44.025839940377253, 36.36466353846064 ], [ 44.025875438294669, 36.364695847963901 ], [ 44.025911631050164, 36.364727653655557 ], [ 44.025948507619084, 36.364758945847875 ], [ 44.025986056768467, 36.3647897150096 ], [ 44.026024267060478, 36.364819951768766 ], [ 44.026063126855888, 36.364849646915573 ], [ 44.026102624317637, 36.364878791405246 ], [ 44.026142747414411, 36.364907376360669 ], [ 44.026183483924328, 36.364935393075264 ], [ 44.026224821438646, 36.364962833015461 ], [ 44.026266747365561, 36.364989687823382 ], [ 44.026309248934027, 36.365015949319464 ], [ 44.02635231319767, 36.365041609504729 ], [ 44.026395927038671, 36.365066660563485 ], [ 44.026440077171848, 36.365091094865505 ], [ 44.026484750148647, 36.365114904968465 ], [ 44.02652993236125, 36.365138083620145 ], [ 44.026575610046692, 36.36516062376068 ], [ 44.026621769291125, 36.365182518524676 ], [ 44.026668396033998, 36.365203761243293 ], [ 44.026715476072347, 36.365224345446393 ], [ 44.026762995065141, 36.365244264864295 ], [ 44.026810938537636, 36.365263513429902 ], [ 44.026859291885778, 36.365282085280384 ], [ 44.026908040380675, 36.365299974759097 ], [ 44.026957169173052, 36.365317176417165 ], [ 44.027006663297826, 36.365333685015287 ], [ 44.02705650767858, 36.365349495525223 ], [ 44.027106687132253, 36.36536460313134 ], [ 44.027157186373692, 36.365379003232171 ], [ 44.027207990020337, 36.365392691441642 ], [ 44.027259082596906, 36.365405663590614 ], [ 44.027310448540099, 36.365417915727988 ], [ 44.02736207220336, 36.365429444121979 ], [ 44.027413937861617, 36.365440245261247 ], [ 44.027466029716095, 36.365450315855981 ], [ 44.027518331899103, 36.365459652838879 ], [ 44.027570828478893, 36.365468253366011 ], [ 44.02762350346449, 36.365476114817874 ], [ 44.027676340810601, 36.365483234799989 ], [ 44.027729324422438, 36.365489611143765 ], [ 44.027782438160692, 36.36549524190707 ], [ 44.027835665846403, 36.365500125374865 ], [ 44.027888991265904, 36.365504260059801 ], [ 44.027942398175739, 36.365507644702468 ], [ 44.027995870307677, 36.365510278271991 ], [ 44.028049391373557, 36.365512159966265 ], [ 44.028102945070358, 36.36551328921211 ], [ 44.028156515085108, 36.365513665665617 ] ] ] ] } },
{ "type": "Feature", "properties": { "id": 100 }, "geometry": { "type": "MultiPolygon", "coordinates": [ [ [ [ 44.057551509993466, 36.364102479691596 ], [ 44.057588757557127, 36.364102217936384 ], [ 44.057625993774828, 36.364101432750502 ], [ 44.057663207304032, 36.364100124373088 ], [ 44.057700386809159, 36.364098293202687 ], [ 44.05773752096497, 36.364095939797011 ], [ 44.057774598460036, 36.364093064872932 ], [ 44.057811608000193, 36.364089669306097 ], [ 44.057848538311966, 36.364085754130755 ], [ 44.057885378146054, 36.364081320539441 ], [ 44.057922116280665, 36.364076369882582 ], [ 44.057958741524999, 36.364070903668058 ], [ 44.057995242722676, 36.364064923560889 ], [ 44.058031608755059, 36.36405843138251 ], [ 44.058067828544708, 36.364051429110376 ], [ 44.058103891058721, 36.364043918877343 ], [ 44.058139785312122, 36.364035902970933 ], [ 44.058175500371149, 36.364027383832692 ], [ 44.058211025356677, 36.364018364057479 ], [ 44.05824634944743, 36.364008846392643 ], [ 44.058281461883354, 36.363998833737192 ], [ 44.058316351968863, 36.363988329140845 ], [ 44.058351009076098, 36.363977335803241 ], [ 44.058385422648158, 36.363965857072792 ], [ 44.058419582202347, 36.363953896445906 ], [ 44.058453477333337, 36.36394145756563 ], [ 44.058487097716331, 36.363928544220727 ], [ 44.058520433110253, 36.363915160344519 ], [ 44.058553473360803, 36.363901310013624 ], [ 44.058586208403604, 36.363886997446727 ], [ 44.05861862826724, 36.36387222700332 ], [ 44.058650723076319, 36.363857003182353 ], [ 44.058682483054447, 36.363841330620922 ], [ 44.058713898527216, 36.363825214092749 ], [ 44.058744959925185, 36.363808658506798 ], [ 44.05877565778674, 36.363791668905804 ], [ 44.058805982761015, 36.363774250464672 ], [ 44.058835925610744, 36.363756408488932 ], [ 44.058865477215022, 36.363738148413148 ], [ 44.058894628572162, 36.363719475799215 ], [ 44.058923370802368, 36.363700396334693 ], [ 44.05895169515049, 36.363680915831111 ], [ 44.058979592988642, 36.363661040222063 ], [ 44.059007055818881, 36.363640775561578 ], [ 44.059034075275754, 36.363620128022191 ], [ 44.059060643128895, 36.363599103893002 ], [ 44.059086751285463, 36.363577709577889 ], [ 44.059112391792645, 36.363555951593433 ], [ 44.059137556840128, 36.363533836567065 ], [ 44.059162238762362, 36.363511371234921 ], [ 44.059186430041017, 36.363488562439834 ], [ 44.059210123307196, 36.363465417129298 ], [ 44.059233311343682, 36.363441942353333 ], [ 44.059255987087184, 36.363418145262237 ], [ 44.059278143630458, 36.363394033104584 ], [ 44.059299774224385, 36.363369613224862 ], [ 44.059320872280111, 36.363344893061331 ], [ 44.059341431370932, 36.363319880143671 ], [ 44.059361445234359, 36.363294582090816 ], [ 44.059380907773985, 36.363269006608519 ], [ 44.059399813061326, 36.363243161487055 ], [ 44.059418155337653, 36.363217054598806 ], [ 44.059435929015713, 36.363190693895966 ], [ 44.059453128681497, 36.363164087407974 ], [ 44.059469749095797, 36.363137243239201 ], [ 44.059485785195896, 36.36311016956634 ], [ 44.059501232097013, 36.363082874636135 ], [ 44.059516085093904, 36.36305536676263 ], [ 44.059530339662182, 36.363027654324746 ], [ 44.059543991459776, 36.362999745763773 ], [ 44.059557036328215, 36.362971649580714 ], [ 44.059569470293894, 36.362943374333732 ], [ 44.05958128956933, 36.362914928635554 ], [ 44.059592490554238, 36.362886321150853 ], [ 44.059603069836704, 36.362857560593554 ], [ 44.059613024194157, 36.362828655724229 ], [ 44.059622350594417, 36.362799615347434 ], [ 44.059631046196579, 36.362770448309021 ], [ 44.059639108351845, 36.362741163493389 ], [ 44.059646534604454, 36.362711769820855 ], [ 44.059653322692263, 36.362682276244911 ], [ 44.059659470547558, 36.362652691749439 ], [ 44.059664976297647, 36.362623025346117 ], [ 44.059669838265428, 36.362593286071515 ], [ 44.059674054969904, 36.362563482984399 ], [ 44.059677625126604, 36.362533625163024 ], [ 44.05968054764805, 36.362503721702303 ], [ 44.059682821644003, 36.362473781711103 ], [ 44.059684446421777, 36.362443814309394 ], [ 44.059685421486456, 36.362413828625499 ], [ 44.059685746541021, 36.362383833793317 ], [ 44.059685421486456, 36.362353838949588 ], [ 44.059684446421777, 36.362323853231011 ], [ 44.059682821644003, 36.362293885771557 ], [ 44.05968054764805, 36.362263945699638 ], [ 44.059677625126604, 36.362234042135299 ], [ 44.059674054969904, 36.362204184187533 ], [ 44.059669838265428, 36.362174380951416 ], [ 44.059664976297647, 36.362144641505338 ], [ 44.059659470547558, 36.36211497490833 ], [ 44.059653322692263, 36.362085390197215 ], [ 44.059646534604454, 36.362055896383865 ], [ 44.059639108351845, 36.362026502452494 ], [ 44.059631046196579, 36.361997217356901 ], [ 44.059622350594417, 36.361968050017765 ], [ 44.059613024194157, 36.361939009319826 ], [ 44.059603069836704, 36.361910104109306 ], [ 44.059592490554238, 36.361881343191214 ], [ 44.05958128956933, 36.361852735326565 ], [ 44.059569470293894, 36.361824289229737 ], [ 44.059557036328215, 36.361796013565872 ], [ 44.059543991459776, 36.361767916948217 ], [ 44.059530339662182, 36.36174000793546 ], [ 44.059516085093904, 36.361712295029186 ], [ 44.059501232097013, 36.361684786671191 ], [ 44.059485785195896, 36.36165749124104 ], [ 44.059469749095797, 36.361630417053391 ], [ 44.059453128681497, 36.36160357235557 ], [ 44.059435929015713, 36.361576965324929 ], [ 44.059418155337653, 36.361550604066522 ], [ 44.059399813061326, 36.361524496610485 ], [ 44.059380907773985, 36.361498650909624 ], [ 44.059361445234359, 36.3614730748371 ], [ 44.059341431370932, 36.361447776183887 ], [ 44.059320872280111, 36.361422762656467 ], [ 44.059299774224385, 36.361398041874494 ], [ 44.059278143630458, 36.361373621368429 ], [ 44.059255987087184, 36.361349508577284 ], [ 44.059233311343682, 36.361325710846337 ], [ 44.059210123307196, 36.361302235424901 ], [ 44.059186430041017, 36.361279089464112 ], [ 44.059162238762362, 36.361256280014764 ], [ 44.059137556840128, 36.361233814025113 ], [ 44.059112391792645, 36.361211698338828 ], [ 44.059086751285463, 36.361189939692856 ], [ 44.059060643128895, 36.361168544715412 ], [ 44.059034075275754, 36.361147519923897 ], [ 44.059007055818881, 36.361126871722981 ], [ 44.058979592988642, 36.361106606402593 ], [ 44.05895169515049, 36.361086730136066 ], [ 44.058923370802368, 36.361067248978181 ], [ 44.058894628572162, 36.361048168863398 ], [ 44.058865477215022, 36.361029495604036 ], [ 44.058835925610744, 36.36101123488838 ], [ 44.058805982761015, 36.360993392279156 ], [ 44.05877565778674, 36.36097597321168 ], [ 44.058744959925185, 36.360958982992251 ], [ 44.058713898527216, 36.360942426796534 ], [ 44.058682483054447, 36.360926309667995 ], [ 44.058650723076319, 36.360910636516337 ], [ 44.058618628267247, 36.36089541211598 ], [ 44.058586208403604, 36.360880641104771 ], [ 44.058553473360803, 36.360866327982301 ], [ 44.058520433110253, 36.360852477108779 ], [ 44.058487097716331, 36.360839092703543 ], [ 44.058453477333337, 36.360826178843844 ], [ 44.058419582202347, 36.360813739463616 ], [ 44.058385422648158, 36.360801778352233 ], [ 44.058351009076098, 36.360790299153408 ], [ 44.058316351968863, 36.360779305364012 ], [ 44.058281461883354, 36.360768800333076 ], [ 44.05824634944743, 36.360758787260728 ], [ 44.058211025356677, 36.360749269197235 ], [ 44.058175500371149, 36.360740249042067 ], [ 44.058139785312122, 36.360731729543048 ], [ 44.058103891058721, 36.360723713295449 ], [ 44.058067828544708, 36.360716202741258 ], [ 44.058031608755059, 36.360709200168387 ], [ 44.057995242722676, 36.360702707710068 ], [ 44.057958741524999, 36.360696727344063 ], [ 44.057922116280665, 36.36069126089216 ], [ 44.057885378146054, 36.360686310019616 ], [ 44.057848538311966, 36.360681876234629 ], [ 44.057811608000193, 36.360677960887841 ], [ 44.057774598460036, 36.36067456517199 ], [ 44.05773752096497, 36.360671690121507 ], [ 44.057700386809159, 36.360669336612219 ], [ 44.057663207304032, 36.360667505361072 ], [ 44.057625993774828, 36.360666196925933 ], [ 44.057588757557127, 36.360665411705362 ], [ 44.057551509993466, 36.360665149938605 ], [ 44.057514262429805, 36.360665411705369 ], [ 44.057477026212105, 36.360666196925933 ], [ 44.057439812682901, 36.360667505361072 ], [ 44.05740263317778, 36.360669336612212 ], [ 44.057365499021962, 36.360671690121507 ], [ 44.057328421526904, 36.36067456517199 ], [ 44.057291411986739, 36.360677960887834 ], [ 44.057254481674967, 36.360681876234629 ], [ 44.057217641840879, 36.360686310019616 ], [ 44.057180903706268, 36.360691260892153 ], [ 44.057144278461941, 36.360696727344063 ], [ 44.057107777264264, 36.360702707710068 ], [ 44.057071411231874, 36.36070920016838 ], [ 44.057035191442225, 36.360716202741258 ], [ 44.056999128928211, 36.360723713295457 ], [ 44.056963234674811, 36.360731729543055 ], [ 44.056927519615783, 36.360740249042074 ], [ 44.056891994630256, 36.360749269197235 ], [ 44.05685667053951, 36.360758787260714 ], [ 44.056821558103586, 36.360768800333076 ], [ 44.056786668018077, 36.360779305364005 ], [ 44.056752010910841, 36.360790299153408 ], [ 44.056717597338782, 36.360801778352233 ], [ 44.056683437784585, 36.360813739463616 ], [ 44.056649542653602, 36.360826178843837 ], [ 44.056615922270602, 36.360839092703543 ], [ 44.056582586876686, 36.360852477108779 ], [ 44.056549546626137, 36.360866327982308 ], [ 44.056516811583336, 36.360880641104771 ], [ 44.056484391719685, 36.360895412115987 ], [ 44.056452296910621, 36.360910636516323 ], [ 44.056420536932485, 36.360926309667988 ], [ 44.056389121459716, 36.360942426796527 ], [ 44.056358060061747, 36.360958982992251 ], [ 44.056327362200193, 36.360975973211687 ], [ 44.056297037225917, 36.360993392279163 ], [ 44.056267094376189, 36.361011234888387 ], [ 44.05623754277191, 36.361029495604036 ], [ 44.056208391414778, 36.361048168863398 ], [ 44.056179649184564, 36.361067248978188 ], [ 44.056151324836449, 36.361086730136066 ], [ 44.05612342699829, 36.361106606402586 ], [ 44.056095964168058, 36.361126871722981 ], [ 44.056068944711178, 36.361147519923897 ], [ 44.056042376858038, 36.361168544715426 ], [ 44.056016268701477, 36.361189939692864 ], [ 44.055990628194294, 36.361211698338842 ], [ 44.055965463146812, 36.36123381402512 ], [ 44.055940781224571, 36.361256280014771 ], [ 44.055916589945923, 36.361279089464105 ], [ 44.055892896679744, 36.361302235424901 ], [ 44.055869708643257, 36.361325710846337 ], [ 44.055847032899756, 36.361349508577284 ], [ 44.055824876356482, 36.361373621368436 ], [ 44.055803245762547, 36.361398041874509 ], [ 44.055782147706829, 36.361422762656467 ], [ 44.055761588616001, 36.36144777618388 ], [ 44.055741574752581, 36.3614730748371 ], [ 44.055722112212948, 36.361498650909624 ], [ 44.055703206925607, 36.361524496610485 ], [ 44.055684864649287, 36.36155060406653 ], [ 44.05566709097122, 36.361576965324943 ], [ 44.055649891305443, 36.361603572355563 ], [ 44.055633270891143, 36.361630417053398 ], [ 44.055617234791043, 36.36165749124104 ], [ 44.055601787889927, 36.361684786671177 ], [ 44.055586934893029, 36.361712295029186 ], [ 44.055572680324751, 36.36174000793546 ], [ 44.055559028527156, 36.36176791694821 ], [ 44.055545983658718, 36.361796013565865 ], [ 44.055533549693038, 36.36182428922973 ], [ 44.05552173041761, 36.361852735326572 ], [ 44.055510529432695, 36.361881343191222 ], [ 44.055499950150228, 36.361910104109313 ], [ 44.055489995792783, 36.361939009319819 ], [ 44.055480669392516, 36.361968050017758 ], [ 44.055471973790361, 36.361997217356901 ], [ 44.055463911635087, 36.362026502452494 ], [ 44.055456485382486, 36.362055896383872 ], [ 44.055449697294677, 36.362085390197215 ], [ 44.055443549439374, 36.362114974908337 ], [ 44.055438043689286, 36.362144641505338 ], [ 44.055433181721511, 36.362174380951416 ], [ 44.055428965017036, 36.362204184187547 ], [ 44.055425394860329, 36.362234042135306 ], [ 44.055422472338883, 36.362263945699631 ], [ 44.055420198342929, 36.362293885771564 ], [ 44.055418573565163, 36.362323853231004 ], [ 44.055417598500483, 36.362353838949581 ], [ 44.055417273445919, 36.362383833793331 ], [ 44.055417598500483, 36.362413828625492 ], [ 44.055418573565163, 36.362443814309394 ], [ 44.055420198342929, 36.36247378171111 ], [ 44.055422472338883, 36.362503721702303 ], [ 44.055425394860329, 36.362533625163032 ], [ 44.055428965017036, 36.362563482984392 ], [ 44.055433181721511, 36.362593286071501 ], [ 44.055438043689286, 36.36262302534611 ], [ 44.055443549439374, 36.362652691749446 ], [ 44.055449697294677, 36.362682276244911 ], [ 44.055456485382486, 36.362711769820841 ], [ 44.055463911635087, 36.362741163493389 ], [ 44.055471973790361, 36.362770448309021 ], [ 44.055480669392516, 36.362799615347441 ], [ 44.055489995792783, 36.362828655724229 ], [ 44.055499950150228, 36.362857560593554 ], [ 44.055510529432695, 36.362886321150853 ], [ 44.05552173041761, 36.362914928635547 ], [ 44.055533549693038, 36.362943374333732 ], [ 44.055545983658718, 36.3629716495807 ], [ 44.055559028527156, 36.362999745763766 ], [ 44.055572680324751, 36.363027654324753 ], [ 44.055586934893029, 36.36305536676263 ], [ 44.055601787889927, 36.363082874636135 ], [ 44.055617234791043, 36.363110169566355 ], [ 44.055633270891143, 36.363137243239194 ], [ 44.055649891305443, 36.363164087407959 ], [ 44.05566709097122, 36.363190693895973 ], [ 44.055684864649287, 36.363217054598813 ], [ 44.055703206925607, 36.363243161487063 ], [ 44.055722112212948, 36.363269006608526 ], [ 44.055741574752581, 36.363294582090809 ], [ 44.055761588616001, 36.363319880143663 ], [ 44.055782147706829, 36.363344893061324 ], [ 44.055803245762547, 36.363369613224862 ], [ 44.055824876356482, 36.363394033104591 ], [ 44.055847032899756, 36.363418145262244 ], [ 44.055869708643257, 36.363441942353326 ], [ 44.055892896679744, 36.363465417129305 ], [ 44.055916589945923, 36.363488562439841 ], [ 44.055940781224571, 36.363511371234921 ], [ 44.055965463146812, 36.363533836567065 ], [ 44.055990628194294, 36.36355595159344 ], [ 44.056016268701477, 36.363577709577889 ], [ 44.056042376858038, 36.363599103893016 ], [ 44.056068944711178, 36.363620128022191 ], [ 44.056095964168058, 36.363640775561592 ], [ 44.05612342699829, 36.363661040222063 ], [ 44.056151324836449, 36.363680915831097 ], [ 44.056179649184564, 36.3637003963347 ], [ 44.056208391414778, 36.363719475799208 ], [ 44.05623754277191, 36.363738148413141 ], [ 44.056267094376189, 36.363756408488925 ], [ 44.056297037225917, 36.363774250464665 ], [ 44.056327362200193, 36.363791668905797 ], [ 44.056358060061747, 36.363808658506805 ], [ 44.056389121459716, 36.363825214092756 ], [ 44.056420536932485, 36.363841330620922 ], [ 44.056452296910621, 36.36385700318236 ], [ 44.056484391719692, 36.363872227003327 ], [ 44.056516811583336, 36.363886997446727 ], [ 44.056549546626137, 36.363901310013631 ], [ 44.056582586876686, 36.363915160344519 ], [ 44.056615922270602, 36.363928544220727 ], [ 44.056649542653602, 36.363941457565616 ], [ 44.056683437784585, 36.363953896445906 ], [ 44.056717597338782, 36.363965857072799 ], [ 44.056752010910841, 36.363977335803241 ], [ 44.056786668018077, 36.363988329140845 ], [ 44.056821558103586, 36.363998833737178 ], [ 44.05685667053951, 36.36400884639265 ], [ 44.056891994630256, 36.364018364057479 ], [ 44.056927519615783, 36.364027383832692 ], [ 44.056963234674811, 36.364035902970926 ], [ 44.056999128928211, 36.364043918877343 ], [ 44.057035191442225, 36.364051429110376 ], [ 44.057071411231874, 36.364058431382517 ], [ 44.057107777264264, 36.364064923560889 ], [ 44.057144278461941, 36.364070903668079 ], [ 44.057180903706268, 36.364076369882568 ], [ 44.057217641840879, 36.364081320539441 ], [ 44.057254481674967, 36.364085754130755 ], [ 44.057291411986739, 36.364089669306097 ], [ 44.057328421526904, 36.364093064872939 ], [ 44.057365499021962, 36.364095939797011 ], [ 44.05740263317778, 36.364098293202673 ], [ 44.057439812682901, 36.364100124373095 ], [ 44.057477026212105, 36.364101432750502 ], [ 44.057514262429805, 36.364102217936384 ], [ 44.057551509993466, 36.364102479691596 ] ] ] ] } },
{ "type": "Feature", "properties": { "id": 120 }, "geometry": { "type": "MultiPolygon", "coordinates": [ [ [ [ 44.023513086403604, 36.3592717174105 ], [ 44.023566253622619, 36.359271343757591 ], [ 44.023619404646382, 36.359270222912713 ], [ 44.023672523284574, 36.359268355217203 ], [ 44.023725593356765, 36.359265741239973 ], [ 44.023778598697263, 36.359262381777157 ], [ 44.023831523160155, 36.359258277851993 ], [ 44.023884350624108, 36.359253430714467 ], [ 44.023937064997398, 36.359247841840919 ], [ 44.023989650222703, 36.359241512933622 ], [ 44.024042090282045, 36.359234445920222 ], [ 44.024094369201677, 36.359226642953224 ], [ 44.024146471056945, 36.359218106409237 ], [ 44.024198379977115, 36.359208838888378 ], [ 44.024250080150225, 36.359198843213328 ], [ 44.02430155582789, 36.359188122428577 ], [ 44.024352791330131, 36.359176679799525 ], [ 44.024403771050125, 36.35916451881134 ], [ 44.024454479458939, 36.359151643168111 ], [ 44.024504901110312, 36.35913805679143 ], [ 44.024555020645323, 36.359123763819561 ], [ 44.024604822797059, 36.359108768605836 ], [ 44.024654292395319, 36.359093075717567 ], [ 44.024703414371196, 36.359076689934518 ], [ 44.024752173761627, 36.359059616247535 ], [ 44.024800555714037, 36.35904185985698 ], [ 44.024848545490833, 36.359023426171134 ], [ 44.024896128473856, 36.359004320804644 ], [ 44.024943290168864, 36.358984549576647 ], [ 44.024990016209955, 36.358964118509185 ], [ 44.025036292363914, 36.358943033825199 ], [ 44.025082104534583, 36.358921301946793 ], [ 44.025127438767129, 36.358898929493165 ], [ 44.025172281252303, 36.358875923278617 ], [ 44.02521661833066, 36.358852290310509 ], [ 44.025260436496687, 36.358828037787127 ], [ 44.025303722402946, 36.35880317309541 ], [ 44.025346462864135, 36.358777703808855 ], [ 44.025388644861088, 36.35875163768501 ], [ 44.025430255544791, 36.358724982663304 ], [ 44.025471282240176, 36.358697746862489 ], [ 44.025511712450147, 36.358669938578281 ], [ 44.025551533859257, 36.35864156628071 ], [ 44.025590734337541, 36.358612638611667 ], [ 44.025629301944115, 36.358583164382182 ], [ 44.025667224930956, 36.358553152569755 ], [ 44.025704491746332, 36.358522612315681 ], [ 44.025741091038398, 36.358491552922203 ], [ 44.025777011658676, 36.35845998384967 ], [ 44.025812242665396, 36.358427914713751 ], [ 44.02584677332684, 36.358395355282362 ], [ 44.02588059312464, 36.358362315472839 ], [ 44.025913691756969, 36.358328805348819 ], [ 44.025946059141639, 36.358294835117213 ], [ 44.025977685419249, 36.358260415125073 ], [ 44.026008560956122, 36.358225555856478 ], [ 44.02603867634727, 36.358190267929324 ], [ 44.02606802241926, 36.358154562092082 ], [ 44.026096590232989, 36.358118449220513 ], [ 44.026124371086418, 36.358081940314392 ], [ 44.026151356517246, 36.358045046494155 ], [ 44.026177538305433, 36.358007778997454 ], [ 44.02620290847576, 36.357970149175799 ], [ 44.02622745930023, 36.357932168491104 ], [ 44.026251183300424, 36.35789384851212 ], [ 44.026274073249773, 36.35785520091104 ], [ 44.026296122175786, 36.357816237459765 ], [ 44.02631732336215, 36.357776970026507 ], [ 44.026337670350756, 36.357737410572042 ], [ 44.026357156943732, 36.357697571146133 ], [ 44.026375777205274, 36.357657463883811 ], [ 44.026393525463469, 36.357617101001765 ], [ 44.026410396312023, 36.357576494794529 ], [ 44.026426384611902, 36.357535657630756 ], [ 44.026441485492931, 36.35749460194949 ], [ 44.026455694355242, 36.357453340256384 ], [ 44.026469006870649, 36.357411885119809 ], [ 44.026481418984055, 36.357370249167083 ], [ 44.026492926914592, 36.357328445080647 ], [ 44.026503527156855, 36.357286485594216 ], [ 44.026513216481895, 36.357244383488762 ], [ 44.026521991938246, 36.357202151588815 ], [ 44.026529850852825, 36.357159802758375 ], [ 44.026536790831727, 36.357117349897166 ], [ 44.026542809760961, 36.357074805936577 ], [ 44.026547905807121, 36.357032183835734 ], [ 44.026552077417897, 36.356989496577654 ], [ 44.026555323322548, 36.356946757165197 ], [ 44.026557642532389, 36.356903978617119 ], [ 44.02655903434092, 36.35686117396412 ], [ 44.026559498324218, 36.356818356244879 ], [ 44.02655903434092, 36.356775538502092 ], [ 44.026557642532389, 36.356732733778479 ], [ 44.026555323322548, 36.356689955112778 ], [ 44.026552077417897, 36.356647215535844 ], [ 44.026547905807121, 36.356604528066633 ], [ 44.026542809760961, 36.356561905708283 ], [ 44.026536790831727, 36.356519361444086 ], [ 44.026529850852825, 36.356476908233574 ], [ 44.026521991938246, 36.356434559008541 ], [ 44.026513216481895, 36.356392326669202 ], [ 44.026503527156855, 36.35635022408011 ], [ 44.026492926914592, 36.356308264066335 ], [ 44.026481418984055, 36.356266459409547 ], [ 44.026469006870649, 36.356224822844112 ], [ 44.026455694355242, 36.35618336705322 ], [ 44.026441485492931, 36.356142104665018 ], [ 44.026426384611902, 36.356101048248711 ], [ 44.026410396312023, 36.356060210310837 ], [ 44.026393525463469, 36.356019603291386 ], [ 44.026375777205274, 36.35597923956 ], [ 44.026357156943732, 36.355939131412271 ], [ 44.026337670350756, 36.355899291065924 ], [ 44.02631732336215, 36.35585973065713 ], [ 44.026296122175786, 36.355820462236842 ], [ 44.026274073249773, 36.355781497767019 ], [ 44.026251183300424, 36.355742849117078 ], [ 44.02622745930023, 36.355704528060265 ], [ 44.02620290847576, 36.355666546270044 ], [ 44.026177538305433, 36.355628915316522 ], [ 44.026151356517246, 36.355591646662987 ], [ 44.026124371086418, 36.355554751662339 ], [ 44.026096590232989, 36.355518241553732 ], [ 44.02606802241926, 36.355482127458991 ], [ 44.02603867634727, 36.355446420379423 ], [ 44.026008560956122, 36.355411131192305 ], [ 44.025977685419249, 36.355376270647639 ], [ 44.025946059141639, 36.355341849364862 ], [ 44.025913691756969, 36.355307877829638 ], [ 44.02588059312464, 36.355274366390589 ], [ 44.02584677332684, 36.355241325256266 ], [ 44.025812242665396, 36.355208764491906 ], [ 44.025777011658676, 36.355176694016436 ], [ 44.025741091038398, 36.355145123599428 ], [ 44.025704491746332, 36.355114062858192 ], [ 44.025667224930956, 36.355083521254713 ], [ 44.025629301944115, 36.355053508092887 ], [ 44.025590734337541, 36.355024032515658 ], [ 44.025551533859257, 36.354995103502134 ], [ 44.025511712450147, 36.354966729865048 ], [ 44.025471282240176, 36.354938920247825 ], [ 44.025430255544791, 36.354911683122204 ], [ 44.025388644861088, 36.354885026785489 ], [ 44.025346462864135, 36.354858959358026 ], [ 44.025303722402946, 36.354833488780827 ], [ 44.025260436496687, 36.354808622813039 ], [ 44.02521661833066, 36.354784369029687 ], [ 44.025172281252303, 36.354760734819266 ], [ 44.025127438767129, 36.354737727381583 ], [ 44.025082104534583, 36.354715353725439 ], [ 44.025036292363914, 36.354693620666616 ], [ 44.024990016209955, 36.354672534825824 ], [ 44.024943290168864, 36.354652102626467 ], [ 44.024896128473856, 36.35463233029293 ], [ 44.024848545490833, 36.354613223848609 ], [ 44.024800555714037, 36.354594789113925 ], [ 44.024752173761627, 36.354577031704807 ], [ 44.024703414371196, 36.354559957030787 ], [ 44.024654292395319, 36.35454357029343 ], [ 44.024604822797059, 36.354527876484738 ], [ 44.024555020645323, 36.354512880385577 ], [ 44.024504901110312, 36.354498586564361 ], [ 44.024454479458939, 36.354484999375487 ], [ 44.024403771050125, 36.35447212295815 ], [ 44.024352791330131, 36.35445996123493 ], [ 44.02430155582789, 36.354448517910761 ], [ 44.024250080150225, 36.354437796471721 ], [ 44.024198379977115, 36.354427800183963 ], [ 44.024146471056945, 36.354418532092723 ], [ 44.024094369201677, 36.354409995021406 ], [ 44.024042090282045, 36.354402191570763 ], [ 44.023989650222703, 36.354395124117978 ], [ 44.023937064997398, 36.354388794816089 ], [ 44.023884350624108, 36.35438320559323 ], [ 44.023831523160155, 36.354378358152111 ], [ 44.023778598697263, 36.354374253969425 ], [ 44.023725593356765, 36.354370894295499 ], [ 44.023672523284574, 36.354368280153778 ], [ 44.023619404646382, 36.354366412340639 ], [ 44.023566253622619, 36.354365291425118 ], [ 44.023513086403604, 36.354364917748676 ], [ 44.023459919184596, 36.354365291425118 ], [ 44.023406768160825, 36.354366412340653 ], [ 44.023353649522633, 36.354368280153786 ], [ 44.023300579450456, 36.354370894295492 ], [ 44.023247574109945, 36.354374253969446 ], [ 44.023194649647067, 36.354378358152111 ], [ 44.023141822183106, 36.354383205593244 ], [ 44.023089107809817, 36.354388794816096 ], [ 44.023036522584505, 36.354395124117978 ], [ 44.022984082525177, 36.354402191570749 ], [ 44.02293180360553, 36.354409995021413 ], [ 44.02287970175027, 36.35441853209273 ], [ 44.0228277928301, 36.354427800183949 ], [ 44.022776092656997, 36.354437796471721 ], [ 44.022724616979325, 36.354448517910768 ], [ 44.022673381477084, 36.354459961234916 ], [ 44.02262240175709, 36.354472122958143 ], [ 44.022571693348276, 36.354484999375487 ], [ 44.022521271696895, 36.354498586564361 ], [ 44.022471152161891, 36.354512880385592 ], [ 44.022421350010148, 36.354527876484731 ], [ 44.022371880411889, 36.35454357029343 ], [ 44.022322758436026, 36.35455995703078 ], [ 44.022273999045595, 36.354577031704807 ], [ 44.022225617093177, 36.354594789113925 ], [ 44.022177627316381, 36.354613223848602 ], [ 44.022130044333359, 36.354632330292937 ], [ 44.022082882638351, 36.354652102626474 ], [ 44.02203615659726, 36.354672534825824 ], [ 44.0219898804433, 36.354693620666623 ], [ 44.021944068272632, 36.354715353725432 ], [ 44.021898734040093, 36.354737727381583 ], [ 44.021853891554912, 36.354760734819266 ], [ 44.021809554476555, 36.354784369029694 ], [ 44.021765736310527, 36.354808622813053 ], [ 44.021722450404269, 36.35483348878082 ], [ 44.021679709943079, 36.354858959358019 ], [ 44.021637527946119, 36.354885026785496 ], [ 44.021595917262431, 36.354911683122211 ], [ 44.021554890567039, 36.354938920247832 ], [ 44.021514460357061, 36.354966729865041 ], [ 44.02147463894795, 36.354995103502141 ], [ 44.021435438469673, 36.355024032515658 ], [ 44.021396870863093, 36.355053508092887 ], [ 44.021358947876259, 36.355083521254706 ], [ 44.02132168106089, 36.355114062858192 ], [ 44.021285081768816, 36.355145123599428 ], [ 44.021249161148532, 36.355176694016436 ], [ 44.021213930141819, 36.355208764491891 ], [ 44.021179399480374, 36.355241325256273 ], [ 44.021145579682567, 36.355274366390603 ], [ 44.021112481050253, 36.355307877829638 ], [ 44.021080113665583, 36.355341849364862 ], [ 44.021048487387972, 36.355376270647632 ], [ 44.021017611851086, 36.355411131192305 ], [ 44.020987496459945, 36.355446420379423 ], [ 44.020958150387948, 36.355482127458984 ], [ 44.020929582574226, 36.355518241553732 ], [ 44.020901801720797, 36.355554751662346 ], [ 44.020874816289961, 36.35559164666298 ], [ 44.020848634501775, 36.355628915316522 ], [ 44.020823264331447, 36.355666546270037 ], [ 44.020798713506977, 36.355704528060265 ], [ 44.020774989506791, 36.355742849117078 ], [ 44.020752099557441, 36.355781497767019 ], [ 44.020730050631421, 36.355820462236842 ], [ 44.020708849445072, 36.35585973065713 ], [ 44.020688502456451, 36.355899291065931 ], [ 44.020669015863483, 36.355939131412271 ], [ 44.02065039560194, 36.355979239559993 ], [ 44.020632647343746, 36.356019603291386 ], [ 44.020615776495191, 36.356060210310829 ], [ 44.020599788195312, 36.356101048248718 ], [ 44.020584687314276, 36.356142104665018 ], [ 44.020570478451972, 36.35618336705322 ], [ 44.020557165936566, 36.356224822844119 ], [ 44.02054475382316, 36.356266459409539 ], [ 44.020533245892622, 36.356308264066342 ], [ 44.02052264565036, 36.35635022408011 ], [ 44.020512956325319, 36.356392326669209 ], [ 44.020504180868969, 36.356434559008548 ], [ 44.020496321954397, 36.356476908233567 ], [ 44.020489381975494, 36.356519361444093 ], [ 44.020483363046253, 36.356561905708283 ], [ 44.020478267000087, 36.356604528066626 ], [ 44.020474095389318, 36.356647215535844 ], [ 44.02047084948466, 36.356689955112785 ], [ 44.020468530274826, 36.356732733778472 ], [ 44.020467138466287, 36.356775538502099 ], [ 44.020466674483004, 36.356818356244879 ], [ 44.020467138466287, 36.356861173964113 ], [ 44.020468530274826, 36.356903978617119 ], [ 44.02047084948466, 36.356946757165197 ], [ 44.020474095389318, 36.356989496577654 ], [ 44.020478267000087, 36.357032183835734 ], [ 44.020483363046253, 36.35707480593657 ], [ 44.020489381975494, 36.357117349897173 ], [ 44.020496321954397, 36.357159802758382 ], [ 44.020504180868969, 36.357202151588815 ], [ 44.020512956325319, 36.357244383488762 ], [ 44.02052264565036, 36.357286485594209 ], [ 44.020533245892622, 36.35732844508064 ], [ 44.02054475382316, 36.357370249167083 ], [ 44.020557165936566, 36.357411885119809 ], [ 44.020570478451972, 36.357453340256384 ], [ 44.020584687314276, 36.357494601949497 ], [ 44.020599788195312, 36.357535657630748 ], [ 44.020615776495191, 36.357576494794529 ], [ 44.020632647343746, 36.357617101001772 ], [ 44.02065039560194, 36.357657463883818 ], [ 44.020669015863483, 36.357697571146126 ], [ 44.020688502456451, 36.357737410572035 ], [ 44.020708849445072, 36.357776970026507 ], [ 44.020730050631421, 36.357816237459765 ], [ 44.020752099557441, 36.357855200911033 ], [ 44.020774989506791, 36.357893848512127 ], [ 44.020798713506977, 36.357932168491111 ], [ 44.020823264331447, 36.357970149175813 ], [ 44.020848634501775, 36.358007778997447 ], [ 44.020874816289961, 36.358045046494148 ], [ 44.020901801720797, 36.358081940314392 ], [ 44.020929582574226, 36.35811844922052 ], [ 44.020958150387948, 36.358154562092075 ], [ 44.020987496459945, 36.358190267929331 ], [ 44.021017611851086, 36.358225555856471 ], [ 44.021048487387972, 36.358260415125073 ], [ 44.021080113665583, 36.358294835117221 ], [ 44.021112481050253, 36.358328805348819 ], [ 44.021145579682567, 36.358362315472839 ], [ 44.021179399480374, 36.358395355282376 ], [ 44.021213930141819, 36.358427914713744 ], [ 44.021249161148532, 36.358459983849663 ], [ 44.021285081768816, 36.358491552922203 ], [ 44.02132168106089, 36.358522612315681 ], [ 44.021358947876259, 36.358553152569769 ], [ 44.021396870863093, 36.358583164382182 ], [ 44.021435438469673, 36.358612638611667 ], [ 44.02147463894795, 36.35864156628071 ], [ 44.021514460357061, 36.358669938578281 ], [ 44.021554890567039, 36.358697746862489 ], [ 44.021595917262431, 36.358724982663297 ], [ 44.021637527946119, 36.358751637685003 ], [ 44.021679709943079, 36.358777703808862 ], [ 44.021722450404269, 36.35880317309541 ], [ 44.021765736310527, 36.358828037787134 ], [ 44.021809554476555, 36.358852290310509 ], [ 44.021853891554912, 36.358875923278617 ], [ 44.021898734040093, 36.358898929493151 ], [ 44.021944068272632, 36.358921301946793 ], [ 44.0219898804433, 36.358943033825199 ], [ 44.02203615659726, 36.358964118509178 ], [ 44.022082882638351, 36.358984549576654 ], [ 44.022130044333359, 36.359004320804644 ], [ 44.022177627316381, 36.359023426171149 ], [ 44.022225617093177, 36.359041859856987 ], [ 44.022273999045595, 36.359059616247535 ], [ 44.022322758436026, 36.359076689934511 ], [ 44.022371880411889, 36.35909307571756 ], [ 44.022421350010148, 36.359108768605829 ], [ 44.022471152161891, 36.359123763819554 ], [ 44.022521271696895, 36.35913805679143 ], [ 44.022571693348276, 36.359151643168097 ], [ 44.02262240175709, 36.359164518811347 ], [ 44.022673381477084, 36.359176679799525 ], [ 44.022724616979325, 36.359188122428584 ], [ 44.022776092656997, 36.359198843213328 ], [ 44.0228277928301, 36.359208838888385 ], [ 44.02287970175027, 36.359218106409244 ], [ 44.02293180360553, 36.359226642953224 ], [ 44.022984082525177, 36.359234445920222 ], [ 44.023036522584505, 36.359241512933615 ], [ 44.023089107809817, 36.359247841840919 ], [ 44.023141822183106, 36.359253430714475 ], [ 44.023194649647067, 36.359258277851993 ], [ 44.023247574109945, 36.35926238177715 ], [ 44.023300579450456, 36.359265741239966 ], [ 44.023353649522633, 36.359268355217203 ], [ 44.023406768160832, 36.359270222912706 ], [ 44.023459919184596, 36.359271343757605 ], [ 44.023513086403604, 36.3592717174105 ] ] ] ] } },
{ "type": "Feature", "properties": { "id": 152 }, "geometry": { "type": "MultiPolygon", "coordinates": [ [ [ [ 44.082815095656564, 36.353807237306533 ], [ 44.082850076336207, 36.353806991449204 ], [ 44.082885046360403, 36.353806253952129 ], [ 44.082919995076928, 36.353805025039932 ], [ 44.082954911840076, 36.35380330508692 ], [ 44.082989786013862, 36.353801094616983 ], [ 44.083024606975272, 36.353798394303425 ], [ 44.083059364117503, 36.353795204968726 ], [ 44.083094046853198, 36.353791527584299 ], [ 44.083128644617652, 36.353787363270285 ], [ 44.083163146872053, 36.353782713295068 ], [ 44.083197543106692, 36.353777579075015 ], [ 44.08323182284412, 36.35377196217393 ], [ 44.083265975642419, 36.353765864302709 ], [ 44.083299991098308, 36.353759287318674 ], [ 44.083333858850345, 36.353752233225123 ], [ 44.083367568582084, 36.353744704170708 ], [ 44.083401110025228, 36.353736702448664 ], [ 44.083434472962708, 36.353728230496294 ], [ 44.083467647231863, 36.353719290894048 ], [ 44.083500622727492, 36.353709886364868 ], [ 44.083533389404927, 36.353700019773292 ], [ 44.083565937283126, 36.353689694124604 ], [ 44.083598256447708, 36.353678912563943 ], [ 44.083630337053911, 36.353667678375253 ], [ 44.083662169329685, 36.353655994980379 ], [ 44.083693743578628, 36.353643865938032 ], [ 44.083725050182885, 36.353631294942602 ], [ 44.083756079606189, 36.353618285823124 ], [ 44.083786822396668, 36.353604842542069 ], [ 44.083817269189758, 36.353590969194201 ], [ 44.083847410711087, 36.353576670005218 ], [ 44.083877237779262, 36.353561949330583 ], [ 44.083906741308645, 36.353546811654098 ], [ 44.083935912312185, 36.35353126158661 ], [ 44.083964741904119, 36.353515303864576 ], [ 44.08399322130267, 36.353498943348612 ], [ 44.084021341832738, 36.353482185022067 ], [ 44.084049094928524, 36.353465033989401 ], [ 44.084076472136182, 36.353447495474747 ], [ 44.084103465116357, 36.353429574820247 ], [ 44.084130065646697, 36.353411277484419 ], [ 44.084156265624458, 36.35339260904059 ], [ 44.084182057068844, 36.353373575175034 ], [ 44.084207432123542, 36.353354181685425 ], [ 44.08423238305906, 36.353334434478924 ], [ 44.084256902275108, 36.35331433957046 ], [ 44.0842809823029, 36.353293903080861 ], [ 44.084304615807419, 36.353273131235007 ], [ 44.084327795589665, 36.353252030359954 ], [ 44.084350514588863, 36.353230606882967 ], [ 44.084372765884567, 36.353208867329563 ], [ 44.084394542698838, 36.353186818321596 ], [ 44.084415838398243, 36.353164466575116 ], [ 44.084436646495909, 36.353141818898422 ], [ 44.084456960653469, 36.353118882189953 ], [ 44.084476774683047, 36.35309566343625 ], [ 44.084496082549101, 36.353072169709669 ], [ 44.084514878370264, 36.353048408166408 ], [ 44.084533156421131, 36.353024386044211 ], [ 44.084550911134066, 36.353000110660211 ], [ 44.084568137100781, 36.352975589408693 ], [ 44.084584829074096, 36.352950829758846 ], [ 44.084600981969459, 36.352925839252457 ], [ 44.08461659086656, 36.35290062550169 ], [ 44.084631651010767, 36.352875196186652 ], [ 44.08464615781461, 36.352849559053169 ], [ 44.084660106859182, 36.352823721910347 ], [ 44.084673493895473, 36.352797692628258 ], [ 44.084686314845662, 36.352771479135448 ], [ 44.084698565804352, 36.352745089416665 ], [ 44.084710243039794, 36.352718531510249 ], [ 44.084721342994982, 36.352691813505857 ], [ 44.084731862288756, 36.352664943541896 ], [ 44.084741797716859, 36.352637929803031 ], [ 44.084751146252842, 36.352610780517807 ], [ 44.084759905049069, 36.352583503955977 ], [ 44.084768071437502, 36.352556108426164 ], [ 44.084775642930602, 36.352528602273161 ], [ 44.084782617222004, 36.352500993875488 ], [ 44.084788992187278, 36.352473291642859 ], [ 44.084794765884553, 36.352445504013509 ], [ 44.084799936555086, 36.352417639451758 ], [ 44.084804502623868, 36.352389706445329 ], [ 44.084808462700011, 36.352361713502837 ], [ 44.084811815577247, 36.352333669151143 ], [ 44.08481456023425, 36.352305581932733 ], [ 44.084816695834967, 36.352277460403243 ], [ 44.084818221728881, 36.352249313128745 ], [ 44.084819137451191, 36.352221148683114 ], [ 44.08481944272296, 36.352192975645508 ], [ 44.084819137451191, 36.352164802597713 ], [ 44.084818221728881, 36.352136638121493 ], [ 44.084816695834967, 36.352108490796077 ], [ 44.08481456023425, 36.352080369195392 ], [ 44.084811815577247, 36.352052281885612 ], [ 44.084808462700011, 36.352024237422441 ], [ 44.084804502623868, 36.351996244348527 ], [ 44.084799936555086, 36.351968311190902 ], [ 44.084794765884553, 36.35194044645835 ], [ 44.084788992187278, 36.351912658638831 ], [ 44.084782617222004, 36.351884956196827 ], [ 44.084775642930602, 36.35185734757092 ], [ 44.084768071437502, 36.351829841171018 ], [ 44.084759905049069, 36.351802445375959 ], [ 44.084751146252842, 36.351775168530942 ], [ 44.084741797716859, 36.351748018944811 ], [ 44.084731862288756, 36.3517210048878 ], [ 44.084721342994982, 36.351694134588755 ], [ 44.084710243039794, 36.351667416232786 ], [ 44.084698565804352, 36.351640857958742 ], [ 44.084686314845662, 36.35161446785667 ], [ 44.084673493895473, 36.351588253965453 ], [ 44.084660106859182, 36.351562224270268 ], [ 44.08464615781461, 36.351536386700197 ], [ 44.084631651010767, 36.351510749125836 ], [ 44.08461659086656, 36.35148531935679 ], [ 44.084600981969459, 36.351460105139466 ], [ 44.084584829074096, 36.351435114154548 ], [ 44.084568137100781, 36.351410354014746 ], [ 44.084550911134066, 36.35138583226248 ], [ 44.084533156421131, 36.35136155636755 ], [ 44.084514878370264, 36.351337533724838 ], [ 44.084496082549101, 36.351313771652102 ], [ 44.084476774683047, 36.351290277387783 ], [ 44.084456960653469, 36.351267058088681 ], [ 44.084436646495909, 36.351244120827872 ], [ 44.084415838398243, 36.351221472592513 ], [ 44.084394542698838, 36.351199120281748 ], [ 44.084372765884567, 36.351177070704544 ], [ 44.084350514588863, 36.351155330577704 ], [ 44.084327795589665, 36.351133906523714 ], [ 44.084304615807419, 36.351112805068823 ], [ 44.0842809823029, 36.35109203264102 ], [ 44.084256902275108, 36.351071595568023 ], [ 44.08423238305906, 36.351051500075442 ], [ 44.084207432123542, 36.351031752284854 ], [ 44.084182057068844, 36.351012358211854 ], [ 44.084156265624458, 36.350993323764328 ], [ 44.084130065646697, 36.350974654740668 ], [ 44.084103465116357, 36.350956356827844 ], [ 44.084076472136182, 36.350938435599879 ], [ 44.084049094928524, 36.350920896516016 ], [ 44.084021341832738, 36.35090374491908 ], [ 44.08399322130267, 36.350886986033856 ], [ 44.083964741904119, 36.350870624965545 ], [ 44.083935912312185, 36.350854666698119 ], [ 44.083906741308645, 36.350839116092871 ], [ 44.083877237779262, 36.350823977886954 ], [ 44.083847410711087, 36.35080925669179 ], [ 44.083817269189765, 36.350794956991862 ], [ 44.083786822396668, 36.350781083143239 ], [ 44.083756079606189, 36.350767639372251 ], [ 44.083725050182885, 36.350754629774237 ], [ 44.083693743578628, 36.350742058312242 ], [ 44.083662169329685, 36.350729928815888 ], [ 44.083630337053911, 36.350718244980129 ], [ 44.083598256447708, 36.350707010364196 ], [ 44.083565937283126, 36.350696228390447 ], [ 44.083533389404927, 36.350685902343329 ], [ 44.083500622727492, 36.350676035368501 ], [ 44.083467647231863, 36.350666630471686 ], [ 44.083434472962708, 36.350657690517863 ], [ 44.083401110025228, 36.350649218230402 ], [ 44.083367568582084, 36.350641216190205 ], [ 44.083333858850345, 36.350633686834897 ], [ 44.083299991098308, 36.350626632458138 ], [ 44.083265975642419, 36.350620055208893 ], [ 44.08323182284412, 36.350613957090772 ], [ 44.083197543106692, 36.350608339961418 ], [ 44.083163146872053, 36.350603205532025 ], [ 44.083128644617652, 36.350598555366616 ], [ 44.083094046853198, 36.350594390881788 ], [ 44.083059364117503, 36.350590713346172 ], [ 44.083024606975272, 36.350587523880051 ], [ 44.082989786013862, 36.350584823455016 ], [ 44.082954911840076, 36.350582612893696 ], [ 44.082919995076928, 36.350580892869488 ], [ 44.082885046360403, 36.350579663906402 ], [ 44.082850076336207, 36.350578926378738 ], [ 44.082815095656564, 36.350578680511234 ], [ 44.082780114976927, 36.350578926378752 ], [ 44.082745144952732, 36.350579663906402 ], [ 44.082710196236206, 36.350580892869509 ], [ 44.082675279473051, 36.350582612893696 ], [ 44.082640405299273, 36.350584823455016 ], [ 44.082605584337863, 36.350587523880051 ], [ 44.082570827195624, 36.350590713346179 ], [ 44.082536144459937, 36.350594390881795 ], [ 44.082501546695475, 36.350598555366609 ], [ 44.082467044441074, 36.350603205532018 ], [ 44.082432648206442, 36.350608339961418 ], [ 44.082398368469015, 36.350613957090765 ], [ 44.082364215670715, 36.350620055208893 ], [ 44.08233020021482, 36.35062663245813 ], [ 44.082296332462789, 36.350633686834897 ], [ 44.082262622731044, 36.350641216190212 ], [ 44.082229081287906, 36.350649218230416 ], [ 44.082195718350427, 36.35065769051787 ], [ 44.082162544081271, 36.350666630471686 ], [ 44.082129568585643, 36.350676035368501 ], [ 44.082096801908207, 36.350685902343336 ], [ 44.082064254030008, 36.350696228390433 ], [ 44.082031934865427, 36.350707010364196 ], [ 44.081999854259216, 36.350718244980122 ], [ 44.081968021983442, 36.350729928815888 ], [ 44.081936447734506, 36.350742058312242 ], [ 44.081905141130242, 36.350754629774237 ], [ 44.081874111706945, 36.350767639372251 ], [ 44.081843368916466, 36.350781083143239 ], [ 44.081812922123369, 36.350794956991869 ], [ 44.081782780602047, 36.350809256691782 ], [ 44.081752953533872, 36.350823977886954 ], [ 44.081723450004489, 36.350839116092871 ], [ 44.081694279000949, 36.350854666698119 ], [ 44.081665449409016, 36.350870624965545 ], [ 44.081636970010464, 36.350886986033856 ], [ 44.081608849480396, 36.350903744919066 ], [ 44.08158109638461, 36.350920896516016 ], [ 44.081553719176945, 36.350938435599886 ], [ 44.081526726196778, 36.350956356827844 ], [ 44.08150012566643, 36.350974654740661 ], [ 44.081473925688677, 36.350993323764342 ], [ 44.08144813424429, 36.351012358211847 ], [ 44.081422759189593, 36.351031752284854 ], [ 44.081397808254067, 36.351051500075449 ], [ 44.081373289038019, 36.351071595568023 ], [ 44.081349209010227, 36.35109203264102 ], [ 44.081325575505716, 36.35111280506883 ], [ 44.081302395723469, 36.351133906523714 ], [ 44.081279676724272, 36.351155330577697 ], [ 44.081257425428568, 36.351177070704537 ], [ 44.081235648614289, 36.351199120281748 ], [ 44.081214352914884, 36.351221472592513 ], [ 44.081193544817225, 36.351244120827872 ], [ 44.081173230659665, 36.351267058088688 ], [ 44.08115341663008, 36.35129027738779 ], [ 44.081134108764026, 36.351313771652116 ], [ 44.08111531294287, 36.351337533724831 ], [ 44.081097034891997, 36.35136155636755 ], [ 44.081079280179068, 36.35138583226248 ], [ 44.081062054212353, 36.351410354014739 ], [ 44.081045362239038, 36.351435114154533 ], [ 44.081029209343669, 36.351460105139466 ], [ 44.081013600446575, 36.351485319356783 ], [ 44.080998540302367, 36.351510749125815 ], [ 44.080984033498524, 36.351536386700204 ], [ 44.080970084453952, 36.351562224270275 ], [ 44.080956697417655, 36.351588253965453 ], [ 44.080943876467472, 36.35161446785667 ], [ 44.080931625508775, 36.351640857958742 ], [ 44.08091994827334, 36.351667416232786 ], [ 44.080908848318153, 36.351694134588747 ], [ 44.080898329024372, 36.351721004887786 ], [ 44.080888393596275, 36.351748018944818 ], [ 44.080879045060286, 36.351775168530935 ], [ 44.080870286264066, 36.351802445375966 ], [ 44.080862119875633, 36.351829841171011 ], [ 44.080854548382533, 36.351857347570913 ], [ 44.080847574091131, 36.351884956196827 ], [ 44.080841199125857, 36.351912658638831 ], [ 44.080835425428582, 36.35194044645835 ], [ 44.080830254758041, 36.351968311190909 ], [ 44.080825688689266, 36.35199624434852 ], [ 44.080821728613124, 36.352024237422441 ], [ 44.080818375735888, 36.352052281885619 ], [ 44.080815631078885, 36.352080369195399 ], [ 44.080813495478168, 36.352108490796077 ], [ 44.080811969584254, 36.352136638121507 ], [ 44.080811053861943, 36.352164802597713 ], [ 44.080810748590174, 36.352192975645508 ], [ 44.080811053861943, 36.352221148683107 ], [ 44.080811969584254, 36.352249313128745 ], [ 44.080813495478168, 36.352277460403243 ], [ 44.080815631078885, 36.35230558193274 ], [ 44.080818375735888, 36.352333669151143 ], [ 44.080821728613124, 36.35236171350283 ], [ 44.080825688689266, 36.352389706445344 ], [ 44.080830254758041, 36.352417639451758 ], [ 44.080835425428582, 36.352445504013502 ], [ 44.080841199125857, 36.352473291642852 ], [ 44.080847574091131, 36.352500993875488 ], [ 44.080854548382533, 36.352528602273154 ], [ 44.080862119875633, 36.352556108426164 ], [ 44.080870286264066, 36.352583503955991 ], [ 44.080879045060286, 36.352610780517793 ], [ 44.080888393596275, 36.352637929803024 ], [ 44.080898329024372, 36.352664943541882 ], [ 44.080908848318153, 36.352691813505857 ], [ 44.08091994827334, 36.352718531510241 ], [ 44.080931625508775, 36.352745089416651 ], [ 44.080943876467472, 36.352771479135448 ], [ 44.080956697417655, 36.352797692628251 ], [ 44.080970084453952, 36.352823721910354 ], [ 44.080984033498524, 36.352849559053162 ], [ 44.080998540302367, 36.352875196186645 ], [ 44.081013600446575, 36.352900625501682 ], [ 44.081029209343669, 36.35292583925245 ], [ 44.081045362239038, 36.352950829758839 ], [ 44.081062054212353, 36.3529755894087 ], [ 44.081079280179068, 36.353000110660211 ], [ 44.081097034891997, 36.353024386044204 ], [ 44.08111531294287, 36.353048408166408 ], [ 44.081134108764026, 36.353072169709677 ], [ 44.08115341663008, 36.353095663436257 ], [ 44.081173230659665, 36.353118882189968 ], [ 44.081193544817225, 36.353141818898415 ], [ 44.081214352914884, 36.353164466575123 ], [ 44.081235648614289, 36.353186818321596 ], [ 44.081257425428568, 36.353208867329563 ], [ 44.081279676724272, 36.353230606882953 ], [ 44.081302395723469, 36.353252030359954 ], [ 44.081325575505716, 36.353273131235014 ], [ 44.081349209010227, 36.353293903080846 ], [ 44.081373289038019, 36.35331433957046 ], [ 44.081397808254067, 36.353334434478924 ], [ 44.081422759189593, 36.353354181685432 ], [ 44.08144813424429, 36.353373575175034 ], [ 44.081473925688677, 36.35339260904059 ], [ 44.08150012566643, 36.353411277484426 ], [ 44.081526726196778, 36.353429574820247 ], [ 44.081553719176945, 36.35344749547474 ], [ 44.08158109638461, 36.353465033989394 ], [ 44.081608849480396, 36.35348218502206 ], [ 44.081636970010464, 36.353498943348619 ], [ 44.081665449409016, 36.353515303864576 ], [ 44.081694279000949, 36.353531261586603 ], [ 44.081723450004489, 36.353546811654091 ], [ 44.081752953533872, 36.353561949330569 ], [ 44.081782780602047, 36.353576670005218 ], [ 44.081812922123376, 36.353590969194187 ], [ 44.081843368916466, 36.353604842542069 ], [ 44.081874111706945, 36.353618285823117 ], [ 44.081905141130242, 36.353631294942602 ], [ 44.081936447734506, 36.353643865938025 ], [ 44.081968021983442, 36.3536559949804 ], [ 44.081999854259216, 36.353667678375253 ], [ 44.082031934865427, 36.353678912563943 ], [ 44.082064254030008, 36.353689694124618 ], [ 44.082096801908207, 36.353700019773285 ], [ 44.082129568585643, 36.353709886364868 ], [ 44.082162544081271, 36.353719290894055 ], [ 44.082195718350427, 36.353728230496287 ], [ 44.082229081287906, 36.353736702448664 ], [ 44.082262622731044, 36.353744704170708 ], [ 44.082296332462789, 36.353752233225123 ], [ 44.08233020021482, 36.353759287318667 ], [ 44.082364215670715, 36.353765864302694 ], [ 44.082398368469015, 36.353771962173937 ], [ 44.082432648206442, 36.353777579075015 ], [ 44.082467044441074, 36.353782713295061 ], [ 44.082501546695475, 36.353787363270278 ], [ 44.082536144459937, 36.353791527584299 ], [ 44.082570827195624, 36.353795204968719 ], [ 44.082605584337863, 36.353798394303425 ], [ 44.082640405299273, 36.35380109461699 ], [ 44.082675279473051, 36.35380330508692 ], [ 44.082710196236206, 36.353805025039925 ], [ 44.082745144952732, 36.353806253952129 ], [ 44.082780114976927, 36.353806991449197 ], [ 44.082815095656564, 36.353807237306533 ] ] ] ] } },
{ "type": "Feature", "properties": { "id": 164 }, "geometry": { "type": "MultiPolygon", "coordinates": [ [ [ [ 43.947764090583071, 36.342239806171904 ], [ 43.947798089466701, 36.342239567179512 ], [ 43.947832077993944, 36.342238850275137 ], [ 43.947866045811566, 36.342237655677103 ], [ 43.947899982572636, 36.342235983749326 ], [ 43.94793387793969, 36.342233835001046 ], [ 43.947967721587865, 36.34223121008673 ], [ 43.948001503208076, 36.342228109805909 ], [ 43.948035212510085, 36.342224535102929 ], [ 43.948068839225741, 36.342220487066598 ], [ 43.948102373112, 36.342215966929899 ], [ 43.948135803954123, 36.342210976069644 ], [ 43.94816912156876, 36.342205516006011 ], [ 43.948202315807038, 36.342199588402082 ], [ 43.948235376557655, 36.342193195063366 ], [ 43.948268293750012, 36.3421863379372 ], [ 43.948301057357192, 36.342179019112223 ], [ 43.94833365739909, 36.342171240817692 ], [ 43.948366083945423, 36.342163005422783 ], [ 43.948398327118738, 36.342154315435984 ], [ 43.948430377097473, 36.342145173504179 ], [ 43.948462224118877, 36.342135582411906 ], [ 43.948493858482031, 36.34212554508057 ], [ 43.948525270550824, 36.342115064567459 ], [ 43.948556450756826, 36.342104144064848 ], [ 43.948587389602238, 36.342092786899045 ], [ 43.9486180776628, 36.342080996529369 ], [ 43.948648505590626, 36.342068776547102 ], [ 43.948678664117068, 36.342056130674337 ], [ 43.948708544055549, 36.342043062762933 ], [ 43.948738136304357, 36.342029576793308 ], [ 43.948767431849404, 36.342015676873174 ], [ 43.948796421766978, 36.342001367236385 ], [ 43.948825097226468, 36.341986652241545 ], [ 43.948853449493072, 36.341971536370806 ], [ 43.948881469930384, 36.341956024228331 ], [ 43.948909150003132, 36.341940120539036 ], [ 43.948936481279688, 36.341923830147117 ], [ 43.948963455434679, 36.341907158014521 ], [ 43.948990064251511, 36.341890109219541 ], [ 43.949016299624894, 36.341872688955107 ], [ 43.949042153563269, 36.341854902527373 ], [ 43.949067618191286, 36.341836755354038 ], [ 43.949092685752163, 36.341818252962618 ], [ 43.949117348610081, 36.341799400988883 ], [ 43.949141599252492, 36.341780205175084 ], [ 43.949165430292418, 36.341760671368185 ], [ 43.949188834470689, 36.341740805518121 ], [ 43.949211804658177, 36.341720613675967 ], [ 43.94923433385793, 36.341700101992132 ], [ 43.949256415207344, 36.341679276714402 ], [ 43.949278041980214, 36.341658144186098 ], [ 43.94929920758883, 36.34163671084417 ], [ 43.949319905585931, 36.341614983217148 ], [ 43.949340129666716, 36.341592967923262 ], [ 43.949359873670716, 36.341570671668336 ], [ 43.949379131583733, 36.341548101243781 ], [ 43.949397897539619, 36.34152526352451 ], [ 43.949416165822079, 36.341502165466935 ], [ 43.949433930866419, 36.341478814106665 ], [ 43.949451187261239, 36.341455216556554 ], [ 43.949467929750057, 36.341431380004416 ], [ 43.949484153232966, 36.341407311710881 ], [ 43.949499852768128, 36.341383019007189 ], [ 43.949515023573305, 36.34135850929291 ], [ 43.949529661027341, 36.34133379003373 ], [ 43.94954376067151, 36.341308868759199 ], [ 43.949557318210935, 36.341283753060381 ], [ 43.949570329515851, 36.341258450587567 ], [ 43.949582790622884, 36.341232969047979 ], [ 43.949594697736273, 36.341207316203338 ], [ 43.949606047228997, 36.341181499867616 ], [ 43.949616835643873, 36.341155527904526 ], [ 43.949627059694663, 36.341129408225257 ], [ 43.949636716267001, 36.341103148785969 ], [ 43.949645802419425, 36.34107675758537 ], [ 43.949654315384201, 36.341050242662384 ], [ 43.949662252568181, 36.341023612093608 ], [ 43.949669611553638, 36.340996873990811 ], [ 43.949676390098951, 36.340970036498575 ], [ 43.949682586139289, 36.34094310779178 ], [ 43.949688197787317, 36.340916096073087 ], [ 43.949693223333647, 36.340889009570425 ], [ 43.949697661247441, 36.340861856534566 ], [ 43.949701510176887, 36.340834645236463 ], [ 43.949704768949566, 36.340807383964936 ], [ 43.949707436572801, 36.340780081023972 ], [ 43.94970951223403, 36.340752744730246 ], [ 43.949710995300975, 36.34072538341065 ], [ 43.949711885321882, 36.340698005399702 ], [ 43.949712182025642, 36.340670619036956 ], [ 43.949711885321882, 36.340643232664597 ], [ 43.949710995300975, 36.340615854624765 ], [ 43.94970951223403, 36.340588493257087 ], [ 43.949707436572801, 36.340561156896115 ], [ 43.949704768949566, 36.34053385386882 ], [ 43.949701510176887, 36.340506592492005 ], [ 43.949697661247441, 36.340479381069791 ], [ 43.949693223333647, 36.340452227891106 ], [ 43.949688197787317, 36.340425141227122 ], [ 43.949682586139289, 36.340398129328769 ], [ 43.949676390098951, 36.340371200424237 ], [ 43.949669611553638, 36.340344362716422 ], [ 43.949662252568181, 36.340317624380411 ], [ 43.949654315384201, 36.340290993561119 ], [ 43.949645802419425, 36.340264478370635 ], [ 43.949636716267001, 36.340238086885876 ], [ 43.949627059694663, 36.340211827146042 ], [ 43.949616835643873, 36.340185707150269 ], [ 43.949606047228997, 36.340159734855128 ], [ 43.949594697736273, 36.340133918172135 ], [ 43.949582790622884, 36.340108264965487 ], [ 43.949570329515851, 36.340082783049581 ], [ 43.949557318210935, 36.340057480186594 ], [ 43.94954376067151, 36.340032364084209 ], [ 43.949529661027341, 36.340007442393251 ], [ 43.949515023573305, 36.339982722705251 ], [ 43.949499852768128, 36.339958212550293 ], [ 43.949484153232966, 36.339933919394603 ], [ 43.949467929750057, 36.3399098506383 ], [ 43.949451187261239, 36.339886013613196 ], [ 43.949433930866419, 36.339862415580477 ], [ 43.949416165822079, 36.339839063728569 ], [ 43.949397897539619, 36.339815965170892 ], [ 43.949379131583733, 36.339793126943725 ], [ 43.949359873670716, 36.339770556004012 ], [ 43.949340129666716, 36.339748259227363 ], [ 43.949319905585931, 36.339726243405792 ], [ 43.94929920758883, 36.339704515245792 ], [ 43.949278041980214, 36.339683081366218 ], [ 43.949256415207344, 36.339661948296261 ], [ 43.94923433385793, 36.339641122473537 ], [ 43.949211804658177, 36.339620610242022 ], [ 43.949188834470689, 36.339600417850185 ], [ 43.949165430292418, 36.339580551449103 ], [ 43.949141599252492, 36.339561017090496 ], [ 43.949117348610081, 36.339541820724975 ], [ 43.949092685752163, 36.339522968200214 ], [ 43.949067618191286, 36.339504465259111 ], [ 43.949042153563269, 36.339486317538089 ], [ 43.949016299624894, 36.339468530565384 ], [ 43.948990064251511, 36.33945110975931 ], [ 43.948963455434679, 36.339434060426662 ], [ 43.948936481279688, 36.339417387761088 ], [ 43.948909150003132, 36.339401096841485 ], [ 43.948881469930384, 36.339385192630473 ], [ 43.948853449493072, 36.339369679972854 ], [ 43.948825097226468, 36.339354563594171 ], [ 43.948796421766978, 36.33933984809925 ], [ 43.948767431849404, 36.339325537970822 ], [ 43.948738136304357, 36.339311637568102 ], [ 43.948708544055549, 36.339298151125483 ], [ 43.948678664117068, 36.339285082751317 ], [ 43.948648505590626, 36.339272436426562 ], [ 43.9486180776628, 36.339260216003609 ], [ 43.948587389602238, 36.33924842520512 ], [ 43.948556450756826, 36.339237067622882 ], [ 43.948525270550824, 36.339226146716726 ], [ 43.948493858482031, 36.339215665813441 ], [ 43.948462224118877, 36.339205628105766 ], [ 43.948430377097473, 36.339196036651501 ], [ 43.948398327118738, 36.339186894372439 ], [ 43.948366083945423, 36.339178204053574 ], [ 43.94833365739909, 36.339169968342176 ], [ 43.948301057357192, 36.339162189747128 ], [ 43.948268293750012, 36.339154870637941 ], [ 43.948235376557655, 36.339148013244284 ], [ 43.948202315807038, 36.339141619655052 ], [ 43.94816912156876, 36.339135691817916 ], [ 43.948135803954123, 36.339130231538682 ], [ 43.948102373112, 36.339125240480698 ], [ 43.948068839225741, 36.339120720164352 ], [ 43.948035212510085, 36.339116671966678 ], [ 43.948001503208076, 36.339113097120901 ], [ 43.947967721587865, 36.339109996715948 ], [ 43.94793387793969, 36.339107371696365 ], [ 43.947899982572636, 36.339105222861747 ], [ 43.947866045811566, 36.339103550866731 ], [ 43.947832077993944, 36.339102356220614 ], [ 43.947798089466701, 36.33910163928735 ], [ 43.947764090583071, 36.339101400285315 ], [ 43.947730091699434, 36.33910163928735 ], [ 43.947696103172191, 36.339102356220614 ], [ 43.94766213535457, 36.339103550866724 ], [ 43.947628198593499, 36.339105222861747 ], [ 43.947594303226445, 36.339107371696365 ], [ 43.94756045957827, 36.339109996715948 ], [ 43.947526677958066, 36.339113097120901 ], [ 43.94749296865605, 36.339116671966686 ], [ 43.947459341940394, 36.339120720164352 ], [ 43.947425808054135, 36.339125240480698 ], [ 43.947392377212012, 36.339130231538682 ], [ 43.947359059597375, 36.339135691817916 ], [ 43.947325865359097, 36.339141619655045 ], [ 43.94729280460848, 36.339148013244277 ], [ 43.947259887416124, 36.339154870637941 ], [ 43.947227123808943, 36.339162189747114 ], [ 43.947194523767045, 36.339169968342169 ], [ 43.947162097220712, 36.33917820405356 ], [ 43.947129854047397, 36.339186894372446 ], [ 43.947097804068662, 36.339196036651501 ], [ 43.947065957047258, 36.339205628105766 ], [ 43.947034322684104, 36.339215665813441 ], [ 43.947002910615318, 36.339226146716719 ], [ 43.946971730409309, 36.339237067622875 ], [ 43.946940791563897, 36.33924842520512 ], [ 43.946910103503335, 36.339260216003616 ], [ 43.946879675575509, 36.339272436426569 ], [ 43.946849517049074, 36.33928508275131 ], [ 43.946819637110586, 36.33929815112549 ], [ 43.946790044861778, 36.339311637568102 ], [ 43.946760749316731, 36.339325537970822 ], [ 43.946731759399157, 36.339339848099264 ], [ 43.946703083939667, 36.339354563594171 ], [ 43.94667473167307, 36.339369679972862 ], [ 43.946646711235751, 36.339385192630473 ], [ 43.946619031163003, 36.339401096841485 ], [ 43.946591699886447, 36.339417387761088 ], [ 43.946564725731456, 36.339434060426655 ], [ 43.946538116914631, 36.339451109759302 ], [ 43.946511881541241, 36.339468530565377 ], [ 43.946486027602866, 36.339486317538096 ], [ 43.946460562974849, 36.339504465259132 ], [ 43.946435495413979, 36.339522968200221 ], [ 43.946410832556062, 36.339541820724989 ], [ 43.94638658191365, 36.339561017090489 ], [ 43.946362750873718, 36.339580551449103 ], [ 43.946339346695446, 36.339600417850193 ], [ 43.946316376507959, 36.339620610242022 ], [ 43.946293847308205, 36.339641122473537 ], [ 43.946271765958791, 36.339661948296254 ], [ 43.946250139185921, 36.339683081366211 ], [ 43.946228973577298, 36.339704515245792 ], [ 43.946208275580204, 36.339726243405785 ], [ 43.946188051499426, 36.339748259227363 ], [ 43.946168307495419, 36.339770556004012 ], [ 43.946149049582402, 36.339793126943718 ], [ 43.946130283626516, 36.339815965170907 ], [ 43.946112015344056, 36.339839063728583 ], [ 43.946094250299716, 36.339862415580477 ], [ 43.946076993904896, 36.339886013613196 ], [ 43.946060251416078, 36.339909850638307 ], [ 43.946044027933169, 36.339933919394603 ], [ 43.946028328398008, 36.339958212550286 ], [ 43.94601315759283, 36.339982722705258 ], [ 43.945998520138794, 36.340007442393258 ], [ 43.945984420494625, 36.340032364084209 ], [ 43.9459708629552, 36.340057480186587 ], [ 43.945957851650292, 36.340082783049567 ], [ 43.945945390543251, 36.340108264965501 ], [ 43.945933483429862, 36.340133918172143 ], [ 43.945922133937145, 36.340159734855128 ], [ 43.945911345522262, 36.340185707150262 ], [ 43.945901121471472, 36.340211827146035 ], [ 43.945891464899134, 36.340238086885854 ], [ 43.94588237874671, 36.340264478370635 ], [ 43.945873865781941, 36.340290993561126 ], [ 43.945865928597954, 36.340317624380411 ], [ 43.945858569612504, 36.340344362716422 ], [ 43.945851791067184, 36.340371200424237 ], [ 43.945845595026846, 36.340398129328776 ], [ 43.945839983378818, 36.340425141227108 ], [ 43.945834957832488, 36.340452227891106 ], [ 43.945830519918694, 36.340479381069777 ], [ 43.945826670989248, 36.340506592492012 ], [ 43.945823412216569, 36.34053385386882 ], [ 43.945820744593334, 36.340561156896115 ], [ 43.945818668932112, 36.34058849325708 ], [ 43.94581718586516, 36.340615854624765 ], [ 43.945816295844253, 36.34064323266459 ], [ 43.945815999140493, 36.340670619036963 ], [ 43.945816295844253, 36.340698005399695 ], [ 43.94581718586516, 36.34072538341065 ], [ 43.945818668932112, 36.340752744730231 ], [ 43.945820744593334, 36.340780081023951 ], [ 43.945823412216569, 36.340807383964929 ], [ 43.945826670989248, 36.340834645236455 ], [ 43.945830519918694, 36.340861856534552 ], [ 43.945834957832488, 36.340889009570446 ], [ 43.945839983378818, 36.340916096073087 ], [ 43.945845595026846, 36.340943107791787 ], [ 43.945851791067184, 36.340970036498582 ], [ 43.945858569612504, 36.340996873990811 ], [ 43.945865928597954, 36.341023612093608 ], [ 43.945873865781941, 36.341050242662398 ], [ 43.94588237874671, 36.341076757585384 ], [ 43.945891464899134, 36.341103148785962 ], [ 43.945901121471472, 36.341129408225257 ], [ 43.945911345522262, 36.341155527904526 ], [ 43.945922133937145, 36.341181499867602 ], [ 43.945933483429862, 36.341207316203331 ], [ 43.945945390543251, 36.341232969047987 ], [ 43.945957851650292, 36.34125845058756 ], [ 43.9459708629552, 36.341283753060374 ], [ 43.945984420494625, 36.341308868759199 ], [ 43.945998520138794, 36.341333790033737 ], [ 43.94601315759283, 36.341358509292917 ], [ 43.946028328398008, 36.341383019007182 ], [ 43.946044027933169, 36.341407311710896 ], [ 43.946060251416078, 36.341431380004423 ], [ 43.946076993904896, 36.341455216556561 ], [ 43.946094250299716, 36.341478814106665 ], [ 43.946112015344056, 36.341502165466935 ], [ 43.946130283626516, 36.341525263524517 ], [ 43.946149049582402, 36.341548101243781 ], [ 43.946168307495419, 36.341570671668329 ], [ 43.946188051499426, 36.341592967923269 ], [ 43.946208275580204, 36.341614983217156 ], [ 43.946228973577306, 36.34163671084417 ], [ 43.946250139185921, 36.341658144186113 ], [ 43.946271765958791, 36.341679276714409 ], [ 43.946293847308205, 36.341700101992139 ], [ 43.946316376507959, 36.341720613675975 ], [ 43.946339346695446, 36.341740805518121 ], [ 43.946362750873718, 36.341760671368178 ], [ 43.94638658191365, 36.341780205175077 ], [ 43.946410832556062, 36.341799400988897 ], [ 43.946435495413979, 36.341818252962625 ], [ 43.946460562974849, 36.341836755354031 ], [ 43.946486027602866, 36.34185490252738 ], [ 43.946511881541241, 36.341872688955107 ], [ 43.946538116914631, 36.341890109219534 ], [ 43.946564725731456, 36.341907158014514 ], [ 43.946591699886447, 36.34192383014711 ], [ 43.946619031163003, 36.341940120539036 ], [ 43.946646711235751, 36.341956024228331 ], [ 43.94667473167307, 36.341971536370806 ], [ 43.946703083939667, 36.341986652241552 ], [ 43.946731759399157, 36.342001367236378 ], [ 43.946760749316731, 36.342015676873167 ], [ 43.946790044861778, 36.342029576793308 ], [ 43.946819637110586, 36.34204306276294 ], [ 43.946849517049074, 36.342056130674329 ], [ 43.946879675575509, 36.342068776547087 ], [ 43.946910103503335, 36.342080996529383 ], [ 43.946940791563897, 36.342092786899045 ], [ 43.946971730409309, 36.342104144064841 ], [ 43.947002910615318, 36.342115064567444 ], [ 43.947034322684104, 36.342125545080563 ], [ 43.947065957047258, 36.342135582411913 ], [ 43.947097804068662, 36.342145173504186 ], [ 43.947129854047397, 36.342154315435984 ], [ 43.947162097220712, 36.34216300542279 ], [ 43.947194523767045, 36.342171240817684 ], [ 43.947227123808943, 36.342179019112208 ], [ 43.947259887416124, 36.342186337937186 ], [ 43.94729280460848, 36.342193195063352 ], [ 43.947325865359097, 36.342199588402082 ], [ 43.947359059597375, 36.342205516005997 ], [ 43.947392377212012, 36.342210976069651 ], [ 43.947425808054135, 36.342215966929892 ], [ 43.947459341940394, 36.342220487066598 ], [ 43.94749296865605, 36.342224535102929 ], [ 43.947526677958066, 36.342228109805909 ], [ 43.94756045957827, 36.34223121008673 ], [ 43.947594303226445, 36.342233835001032 ], [ 43.947628198593499, 36.342235983749333 ], [ 43.94766213535457, 36.34223765567711 ], [ 43.947696103172191, 36.34223885027513 ], [ 43.947730091699434, 36.342239567179512 ], [ 43.947764090583071, 36.342239806171904 ] ] ] ] } }
]
}
